user_id,embedding_ids
11001,"[67, 34, 70, 7, 76, 125, 95, 62, 131, 8, 184, 10, 87, 32, 252, 12, 8, 8, 143, 149, 244, 104, 134, 50, 194, 165, 253, 100, 117, 118, 194, 5, 59, 120, 120, 12, 143, 194, 5, 112, 92, 131, 143, 243, 175, 5, 18, 104, 72, 125, 180, 155, 128, 180, 96, 12, 249, 76, 113, 5, 249, 143, 244, 73, 12, 50, 8, 129, 68, 134, 59, 180, 50, 40, 59, 120, 59, 243, 243, 50, 123, 59, 59, 224, 143, 249, 240, 110, 72, 129, 182, 165, 12, 50, 233, 107, 249, 54, 54, 59, 175, 123, 76, 149, 134, 143, 143, 5, 8, 59, 149, 59, 143, 59, 225, 50, 120, 76, 59, 31, 48, 113, 8, 224, 45, 12, 12, 192, 8, 8, 76, 76, 112, 12, 68, 155, 179, 136, 143, 11, 54, 13, 52, 50, 12, 57, 143, 59, 68, 33, 128, 59, 120, 12, 118, 77, 8, 50, 59, 54, 57, 13, 120, 194, 41, 57, 11, 168, 129, 136, 123, 225, 59, 129, 129, 68, 165, 8, 16, 30, 187, 68, 12, 120, 5, 8, 68, 229, 182, 143, 206, 113, 90, 211, 68, 57, 253, 244, 20, 184, 13, 12, 59, 134, 143, 33, 123, 165, 129, 237, 13, 59, 50, 8, 68, 59, 59, 59, 68, 8, 8, 129, 129, 57, 143, 57, 5, 8, 68, 243, 12, 57, 143, 50, 225, 245, 57, 59, 59, 59, 8, 8, 180, 59, 59, 224, 129, 5, 41, 180, 57, 10, 253, 249, 8, 8, 57, 57, 165, 191, 68, 8, 8, 12, 224, 191, 237, 59, 8, 8, 187, 108, 134, 134, 6, 90, 155, 125, 131, 134, 131, 192, 8, 8, 140, 149, 226, 119, 216, 5, 155, 59, 193, 59, 72, 224, 155, 185, 180, 224, 133, 134, 84, 66, 8, 212, 143, 84, 13, 13, 90, 155, 134, 252, 253, 180, 105, 50, 225, 134, 134, 180, 129, 214, 225, 8, 212, 57, 180, 34, 72, 17, 175, 180, 72, 129, 149, 59, 8, 123, 216, 96, 57, 2, 212, 210, 210, 180, 105, 129, 125, 212, 8, 8, 224, 59, 180, 180, 134, 8, 50, 57, 243, 173, 149, 192, 4, 8, 173, 72, 149, 18, 72, 22, 8, 224, 129, 212, 105, 129, 194, 155, 59, 95, 133, 129, 178, 225, 8, 2, 252, 224, 180, 59, 50, 110, 59, 77, 149, 67, 72, 22, 194, 134, 133, 212, 180, 252, 8, 50, 243, 224, 149, 131, 95, 8, 8, 253, 180, 129, 13, 134, 8, 40, 129, 55, 178, 59, 59, 16, 155, 72, 72, 224, 129, 125, 184, 5, 134, 105, 129, 59, 112, 155, 142, 74, 6, 192, 243, 178, 194, 8, 112, 3, 29, 18, 62, 218, 218, 125, 220, 125, 76, 76, 175, 22, 224, 29, 224, 108, 212, 40, 210, 224, 252, 245, 180, 180, 8, 50, 59, 134, 6, 13, 134, 8, 123, 72, 180, 13, 95, 92, 175, 8, 212, 59, 212, 180, 57, 155, 22, 68, 146, 95, 84, 146, 5, 16, 133, 214, 2, 212, 224, 155, 20, 57, 224, 95, 32, 76, 22, 175, 146, 95, 212, 140, 212, 218, 175, 59, 49, 154, 134, 108, 8, 155, 180, 180, 68, 12, 95, 8, 155, 57, 59, 209, 57, 13, 225, 50, 59, 243, 47, 92, 131, 123, 5, 212, 59, 57, 165, 13, 8, 210, 224, 212, 220, 72, 76, 16, 175, 6, 245, 143, 129, 59, 155, 155, 13, 160, 226, 192, 149, 50, 155, 57, 134, 133, 252, 46, 210, 20, 224, 95, 133, 252, 57, 8, 8, 224, 236, 224, 129, 224, 218, 155, 216, 84, 72, 29, 8, 5, 50, 13, 165, 23, 165, 13, 225, 8, 129, 77, 178, 34, 134, 128, 210, 212, 84, 198, 59, 59, 155, 33, 129, 59, 196, 192, 149, 194, 8, 183, 59, 59, 59, 59, 155, 155, 134, 57, 143, 12, 57, 50, 8, 249, 12, 57, 59, 59, 194, 34, 12, 211, 134, 134, 8, 8, 8, 180, 129, 224, 129, 13, 5, 8, 224, 134, 57, 57, 214, 8, 8, 134, 68, 129, 165, 165, 155, 5, 165, 192, 224, 129, 59, 194, 8, 8, 161, 57, 57, 12, 8, 50, 134, 59, 129, 134, 129, 50, 8, 57, 211, 129, 68, 68, 123, 194, 228, 192, 129, 149, 46, 50, 5, 59, 32, 59, 19, 19, 65, 212, 13, 54, 76, 68, 59, 40, 8, 134, 180, 68, 231, 224, 22, 233, 173, 29, 59, 59, 76, 50, 8, 13, 226, 12, 192, 224, 225, 7, 212, 30, 121, 129, 68, 22, 194, 129, 129, 6, 134, 72, 8, 175, 212, 253, 178, 180, 57, 123, 22, 180, 29, 57, 173, 57, 225, 66, 133, 29, 180, 134, 129, 50, 155, 57, 212, 149, 212, 77, 22, 8, 57, 12, 180, 129, 59, 218, 210, 11, 180, 129, 129, 208, 151, 50, 11, 180, 59, 231, 76, 8, 16, 134, 59, 165, 224, 76, 5, 17, 208, 243, 131, 3, 72, 5, 194, 84, 180, 245, 59, 59, 50, 8, 129, 59, 249, 59, 68, 50, 123, 59, 149, 165, 13, 180, 8, 50, 165, 180, 59, 129, 129, 50, 123, 180, 180, 59, 19, 125, 128, 128, 132, 18, 43, 125, 193]"
11003,"[199, 13, 184, 225, 192, 224, 72, 84, 220, 8, 34, 59, 134, 59, 180, 34, 8, 210, 105, 34, 215, 77, 59, 5, 8, 57, 57, 173, 29, 57, 33, 225, 68, 153, 180, 224, 19, 5, 40, 134, 230, 71, 187, 180, 175, 225, 105, 34, 84, 170, 68, 8, 8, 187, 68, 131, 12, 180, 155, 41, 187, 13, 146, 104, 87, 210, 40, 134, 134, 59, 84, 165, 70, 40, 224, 217, 54, 59, 133, 17, 40, 84, 242, 227, 68, 105, 175, 225, 84, 245, 68, 108, 76, 234, 225, 134, 134, 129, 57, 87, 241, 233, 180, 180, 165, 134, 108, 8, 241, 134, 76, 249, 177, 45, 5, 8, 59, 111, 115, 216, 159, 166, 40, 180, 180, 57, 68, 216, 225, 5, 152, 249, 182, 74, 187, 88, 225, 134, 168, 72, 224, 245, 17, 40, 224, 202, 177, 212, 152, 40, 8, 58, 180, 59, 59, 242, 90, 225, 180, 187, 242, 245, 249, 116, 88, 34, 129, 57, 187, 165, 40, 34, 135, 32, 68, 203, 76, 16, 222, 180, 57, 84, 44, 31, 1, 175, 76, 134, 46, 108, 84, 40, 5, 105, 178, 159, 211, 105, 175, 233, 186, 44, 32, 12, 249, 60, 66, 228, 192, 105, 224, 173, 8, 5, 177, 143, 180, 68, 54, 40, 34, 105, 224, 102, 242, 34, 194, 22, 177, 34, 231, 108, 59, 210, 113, 61, 129, 59, 172, 149, 8, 5, 72, 34, 243, 67, 134, 34, 8, 3, 84, 95, 180, 134, 22, 37, 129, 224, 134, 72, 105, 34, 179, 97, 84, 180, 224, 134, 128, 8, 224, 84, 224, 149, 224, 41, 5, 68, 149, 134, 224, 74, 110, 175, 177, 180, 211, 149, 249, 33, 234, 180, 34, 242, 216, 34, 175, 33, 59, 224, 249, 18, 242, 116, 110, 165, 120, 249, 104, 134, 50, 175, 59, 59, 72, 125, 6, 8, 155, 105, 224, 215, 68, 134, 8, 175, 160, 105, 224, 152, 178, 123, 225, 57, 134, 129, 57, 120, 5, 205, 129, 34, 12, 108, 59, 8, 155, 224, 19, 165]"
11004,"[43, 85, 218, 210, 59, 84, 243, 125, 125, 218, 218, 8, 134, 11, 152, 220, 233, 20, 74, 243, 49, 49, 47, 179, 234, 59, 193, 192, 45, 173, 17, 5, 59, 208, 163, 49, 131, 204, 123, 224, 243, 49, 152, 131, 37, 37, 125, 125, 117, 45, 212, 81, 233, 49, 125, 125, 158, 55, 221, 221, 125, 243, 208, 49, 150, 205, 155, 125, 76, 216, 89, 209, 234, 5, 192, 76, 208, 49, 152, 37, 233, 77, 76, 78, 76, 112, 37, 123, 247, 243, 49, 24, 152, 81, 81, 95, 72, 208, 64, 122, 194, 33, 100, 196, 196, 67, 55, 233, 81, 125, 62, 188, 26, 207, 4, 240, 152, 212, 47, 150, 192, 81, 35, 121, 149, 83, 207, 207, 81, 4, 141, 251, 160, 253, 197, 8, 175, 30, 83, 83, 24, 152, 221, 221, 243, 193, 74, 224, 62, 221, 81, 76, 243, 152, 207, 45, 221, 103, 67, 125, 83, 173, 55, 166, 88, 95, 121, 178, 197, 132, 4, 88, 15, 43, 43, 152, 152, 221, 4, 95, 121, 216, 247, 173, 185, 155, 133, 252, 168, 197, 29, 166, 185, 207, 83, 121, 76, 220, 16, 185, 236, 62, 55, 197, 173, 185, 17, 132, 160, 92, 24, 78, 221, 222, 92, 61, 11, 196, 173, 17, 22, 59, 61, 64, 55, 55, 185, 210, 61, 121, 125, 178, 11, 81, 151, 13, 231, 229, 133, 212, 194, 16, 149, 231, 121, 29, 183, 81, 17, 243, 243, 15, 173, 29, 15, 222, 23, 217, 18, 121, 26, 179, 70, 236, 62, 216, 29, 216, 116, 156, 95, 67, 45, 121, 197, 37, 233, 61, 236, 121, 197, 197, 151, 28, 192, 152, 132, 132, 24, 151, 155, 76, 76, 173, 173, 121, 166, 155, 76, 18, 78, 121, 121, 166, 218, 93, 30, 15, 121, 173, 166, 35, 76, 76, 121, 173, 197, 51, 16, 45, 149, 197, 153, 208, 4, 123, 208, 132, 85, 152, 121, 166, 37, 76, 76, 152, 197, 29, 4, 240, 152, 220, 197, 197, 24, 123, 221, 196, 152, 168, 197, 29, 81, 210, 100, 78, 119, 216, 121, 175, 166, 216, 45, 220, 29, 216, 155, 250, 49, 121, 216, 134, 208, 233, 8, 45, 76, 45, 207, 76, 16, 221, 49, 243, 178, 61, 76, 175, 250, 220, 83, 24, 67, 173, 16, 16, 45, 220, 78, 166, 255, 175, 123, 76, 197, 42, 173, 245, 16, 250, 76, 121, 55, 163, 141, 16, 166, 253, 173, 220, 24, 152, 16, 17, 220, 24, 136, 158, 253, 123, 166, 192, 158, 252, 158, 45, 101, 20, 13, 220, 173, 197, 197, 246, 241, 192, 158, 248, 121, 45, 66, 123, 94, 55, 163, 47, 75, 212, 9, 13, 220, 45, 133, 245, 60, 8, 57, 199, 140, 211, 216, 5, 175, 220, 119, 249, 12, 171, 14, 8, 45, 163, 32, 84, 153, 33, 50, 76, 244, 249, 42, 152, 16, 175, 224, 111, 114, 152, 73, 113, 166, 24, 230, 24, 211, 121, 166, 60, 242, 153, 75, 87, 12, 166, 166, 56, 158, 159, 152, 157, 36, 166, 114, 152, 114, 87, 177, 181, 175, 224, 216, 84, 216, 173, 133, 17, 24, 152, 170, 84, 18, 16, 5, 45, 163, 171, 253, 13, 175, 222, 217, 102, 215, 114, 220, 233, 241, 159, 141, 72, 224, 45, 66, 166, 154, 121, 44, 114, 114, 181, 66, 12, 114, 211, 75, 114, 166, 175, 96, 94, 114, 226, 133, 37, 185, 30, 122, 75, 197, 18, 166, 205, 177, 245, 158, 226, 44, 60, 4, 13, 132, 124, 211, 121, 22, 5, 114, 177, 124, 94, 54, 14, 166, 243, 76, 121, 177, 124, 205, 37, 153, 171, 89, 245, 124, 185, 166, 95, 42, 121, 121, 44]"
11005,"[69, 192, 50, 110, 131, 117, 243, 67, 149, 14, 110, 117, 62, 140, 197, 117, 128, 81, 18, 149, 158, 213, 243, 250, 218, 131, 104, 149, 121, 55, 110, 110, 62, 62, 243, 208, 173, 17, 250, 243, 247, 243, 168, 188, 110, 250, 208, 121, 55, 18, 121, 185, 194, 76, 197, 149, 67, 158, 9, 246, 247, 243, 121, 149, 243, 151, 9, 62, 77, 149, 18, 18, 110, 128, 149, 255, 18, 18, 121, 14, 25, 43, 24, 121, 149, 75, 14, 110, 76, 18, 18, 18, 197, 179, 70, 229, 121, 78, 18, 149, 110, 194, 62, 18, 18, 243, 229, 246, 41, 211, 121, 15, 243, 78, 110, 194, 76, 112, 217, 243, 6, 194, 7, 224, 67, 132, 229, 76, 166, 250, 183, 78, 216, 24, 85, 250, 110, 75, 55, 243, 149, 125, 8, 123, 224, 213, 18, 153, 208, 250, 110, 119, 78, 18, 193, 209, 240, 250, 62, 121, 149, 62, 229, 14, 166, 100, 62, 15, 207, 152, 250, 25, 247, 62, 168, 149, 117, 250, 128, 34, 183, 117, 78, 78, 110, 110, 78, 62, 18, 18, 121, 194, 250, 149, 18, 149, 243, 18, 166, 194, 183, 18, 149, 149, 247, 128, 22, 32, 252, 18, 18, 149, 51, 81, 121, 55, 243, 243, 243, 128, 218, 133, 253, 243, 18, 153, 123, 246, 208, 62, 243, 76, 243, 16, 16, 76, 149, 76, 243, 243, 16, 16, 76, 197, 76, 76, 216, 240, 110, 76, 49, 76, 224, 93, 194, 16, 208, 76, 220, 216, 231, 110, 250, 76, 229, 229, 76, 149, 218, 16, 231, 243, 76, 76, 62, 110, 218, 216, 100, 76, 57, 228, 123, 250, 247, 62, 243, 18, 62, 110, 16, 149, 229, 208, 243, 76, 16, 113, 131, 100, 76, 243, 76, 110, 113, 62, 149, 243, 12, 68, 123, 16, 76, 149, 249, 187, 242, 50, 99, 158, 159, 249, 68, 68, 50, 194, 133, 55, 18, 62, 76, 110, 110, 220, 15, 243, 149, 76, 123, 123, 152, 244, 237, 76, 149, 9, 142, 249, 76, 149, 18, 121, 194, 194, 249, 120, 100, 76, 249, 241, 194, 243, 243, 100, 243, 249, 33, 16, 180, 124, 74, 149, 132, 194, 16, 62, 74, 149, 100, 18, 194, 99, 243, 243, 18, 68, 76, 142, 5, 242, 255, 15, 31, 76, 250, 16, 149, 122, 100, 18, 247, 250, 110, 173, 77, 18, 54, 168, 16, 91, 228, 42, 168, 18, 211, 142, 166, 115, 18, 18, 18, 18, 110, 16, 49, 244, 24, 49, 62, 22, 194, 121, 100, 168, 149, 114, 225, 123, 76, 140, 15, 78, 18, 110, 22, 59, 149, 149, 149, 24, 110, 194, 165, 18, 149, 119, 121, 110, 33, 141, 161, 186, 42, 149, 9, 181, 59, 143, 149, 68, 197, 50, 50, 131, 86, 211, 149, 229, 110, 5, 49, 62, 6, 107, 48, 7, 110, 3, 149, 214, 120, 68, 50, 8, 97, 143, 18, 15, 18, 110, 110, 154, 193, 120, 32, 129, 176, 27, 162, 195, 80, 190, 190, 164, 201, 162, 195, 174, 136, 67, 185, 194, 243, 97, 93, 61, 168, 110, 50, 224, 61, 149, 149, 6]"
11006,"[85, 208, 250, 113, 125, 208, 208, 15, 247, 51, 250, 216, 247, 24, 85, 188, 246, 222, 26, 43, 78, 130, 92, 246, 222, 87, 247, 78, 43, 78, 51, 222, 78, 168, 43, 228, 82, 91, 16, 228, 76, 76, 84, 228, 7, 16, 208, 196, 49, 125, 62, 14, 221, 85, 227, 192, 62, 24, 128, 142, 192, 83, 43, 43, 121, 250, 221, 228, 87, 152, 83, 154, 240, 233, 125, 153, 192, 43, 208, 218, 16, 24, 85, 188, 62, 132, 14, 66, 45, 153, 167, 247, 64, 218, 175, 220, 171, 215, 74, 208, 81, 66, 188, 208, 49, 208, 125, 233, 51, 208, 132, 43, 153, 77, 16, 204, 248, 153, 182, 87, 107, 1, 41, 87, 165, 44, 54, 111, 60, 7, 216, 12, 85, 196, 161, 21, 91, 247, 188, 188, 188, 247, 25, 91, 247, 247, 67, 26, 154, 116, 222, 217, 62, 78, 24, 148, 14, 250, 85, 228, 67, 26, 255, 22, 7, 85, 26, 78, 24, 228, 41, 175, 96, 200, 44, 177, 107, 234, 41, 249, 136, 255, 131, 26, 81, 14, 247, 132, 67, 26, 102, 234, 60, 56, 247, 147, 85, 83, 204, 225, 248, 85, 121, 67, 26, 51, 218, 43, 168, 248, 130, 19, 1, 60, 0, 228, 115, 43, 63, 241, 142, 248, 6, 19, 26, 26, 22, 91, 67, 131, 226, 6, 248, 22, 123, 43, 43, 115, 26, 255, 22, 5, 115, 79, 77, 125, 43, 14, 35, 248, 43, 67, 255, 115, 51, 218, 153, 115, 255, 26, 82, 7, 218, 6, 115, 72, 125, 248, 128, 142, 48, 115, 78, 247, 145, 81, 22, 107, 182, 200, 44, 114, 225, 184, 98, 200, 200, 200, 182, 113, 41, 111, 75, 192, 67, 169]"
11007,"[247, 78, 232, 103, 83, 62, 208, 139, 148, 250, 51, 45, 119, 247, 139, 135, 51, 218, 84, 62, 78, 188, 247, 221, 81, 43, 188, 62, 62, 247, 221, 179, 167, 208, 119, 247, 247, 51, 51, 163, 247, 132, 208, 188, 66, 14, 188, 208, 119, 247, 24, 16, 142, 57, 249, 111, 42, 208, 16, 156, 58, 78, 119, 24, 42, 51, 222, 171, 188, 78, 78, 228, 51, 250, 188, 78, 24, 78, 78, 210, 14, 78, 82, 182, 85, 26, 66, 232, 135, 135, 62, 24, 78, 14, 233, 248, 78, 247, 78, 145, 218, 233, 147, 84, 183, 119, 247, 14, 14, 145, 85, 78, 78, 228, 51, 128, 43, 85, 24, 24, 78, 14, 14, 24, 248, 78, 78, 78, 128, 210, 78, 78, 78, 228, 87, 1, 36, 228, 107, 182, 182, 115, 218, 142, 57, 193, 12, 115, 43, 14, 218, 43, 72, 224, 26, 78, 25, 233, 217, 78, 132, 115, 132, 241, 60, 12, 78, 78, 78, 78, 221, 156, 12, 117, 228, 132, 85, 51, 142, 0, 43, 82, 248, 6, 234, 113, 136, 62, 78, 78, 78, 233, 7, 178, 115, 26, 182, 26, 81, 218, 43, 67, 84, 183, 83, 14, 14, 67, 125, 83, 145, 83, 51, 142, 248, 168, 84, 26, 67, 204, 28, 167, 67, 67, 26, 26, 218, 222, 171, 78, 115, 132]"
11008,"[43, 22, 205, 217, 132, 58, 11, 75, 128, 50, 6, 160, 15, 229, 78, 25, 14, 13, 75, 26, 117, 163, 184, 240, 64, 132, 11, 117, 117, 222, 241, 3, 224, 191, 183, 145, 240, 156, 13, 191, 163, 11, 163, 156, 240, 82, 217, 117, 132, 146, 241, 205, 146, 180, 134, 26, 117, 35, 179, 253, 92, 132, 11, 132, 166, 20, 244, 89, 191, 75, 173, 4, 184, 146, 146, 209, 96, 146, 184, 20, 146, 146, 214, 11, 133, 9, 184, 253, 92, 251, 214, 214, 20, 240, 24, 93, 11, 132, 214, 194, 21, 13, 214, 3, 178, 11, 184, 241, 13, 217, 132, 214, 96, 128, 8, 224, 214, 96, 160, 214, 184, 70, 214, 145, 30, 228, 74, 110, 16, 62, 62, 183, 208, 247, 25, 16, 62, 208, 62, 139, 136, 250, 250, 133, 213, 243, 132, 236, 14, 184, 230, 120, 136, 117]"
11009,"[65, 5, 192, 45, 26, 49, 45, 218, 66, 43, 83, 43, 131, 192, 218, 210, 125, 49, 43, 178, 13, 221, 66, 131, 192, 207, 45, 125, 233, 7, 178, 192, 45, 63, 213, 218, 5, 214, 58, 92, 158, 192, 66, 151, 95, 208, 152, 49, 43, 233, 221, 227, 92, 131, 92, 152, 7, 142, 192, 45, 45, 45, 131, 184, 123, 84, 24, 255, 152, 238]"
11010,"[209, 65, 184, 231, 149, 131, 96, 231, 110, 110, 243, 193, 12, 231, 193, 194, 123, 131, 231, 193, 61, 59, 5, 194, 120, 120, 231, 125, 93, 225, 65, 59, 231, 131, 12, 231, 218, 33, 12, 59, 59, 231, 243, 123, 5, 59, 131, 231, 149, 120, 194, 194, 62, 243, 125, 6, 217, 35, 194, 193, 231, 76, 12, 59]"
11011,"[85, 25, 25, 78, 78, 243, 163, 117, 35, 250, 78, 168, 78, 117, 183, 250, 14, 236, 168, 62, 163, 117, 51, 25, 78, 168, 92, 117, 147, 14, 151, 11, 243, 78, 31, 171, 240, 246, 183, 168, 15, 15, 183, 14, 88, 192, 168, 78, 229, 183, 25, 222, 11, 18, 168, 130, 236, 25, 110, 62, 168, 18, 183]"
12001,"[32, 180, 70, 9, 168, 149, 213, 93, 3, 8, 25, 61, 213, 18, 231, 168, 204, 194, 18, 149, 32, 108, 192, 25, 225, 97, 61, 18, 208, 93, 50, 22, 61, 118, 104, 67, 93, 70, 234, 3, 112, 61, 61, 62, 35, 70, 120, 231, 6, 61, 170, 194, 194, 173, 112, 231, 149, 18, 25, 22, 13, 61, 68, 59, 59, 194, 22, 120, 213, 18, 231, 228, 234, 7, 168, 76, 104, 62, 18, 25, 22, 120, 68, 231, 168, 78, 110, 40, 59, 147, 32, 58, 172, 35, 241, 104, 61, 104, 59, 143, 88, 185, 11, 61, 213, 11, 198, 70, 70, 13, 61, 13, 61, 213, 155, 70, 95, 196, 160, 214, 143, 70, 184, 97, 59, 73, 213, 191, 65, 88, 59, 134, 109, 214, 11, 110, 70, 243, 76, 117, 191, 117, 9, 70, 61, 154, 61, 109, 213, 194, 194, 61, 168, 129, 160, 213, 9, 9, 213, 61, 61, 214, 59, 194, 65, 61, 149, 104, 61, 11, 70, 35, 61, 143, 134, 11, 74, 35, 40, 224, 213, 143, 96, 11, 110, 181, 32, 12, 61, 59, 109, 241, 225, 105, 224, 97, 214, 104, 184, 184, 104, 231, 158, 58, 214, 70, 35, 18, 59, 11, 11, 73, 184, 70, 10, 120, 104, 84, 11, 35, 20, 61, 96, 58, 182, 146, 194, 179, 120, 31, 214, 236, 132, 70, 20, 11, 93, 58, 244, 31, 5, 70, 59, 143, 93, 96, 191, 70, 184, 120, 59, 120, 231, 168, 123, 88, 104, 146, 104, 134, 11, 194, 22, 120, 59, 243, 93, 104, 240, 142, 120, 231, 168, 120, 104, 194, 225, 59, 109, 191, 120, 177, 234, 70, 120, 143, 147, 61, 104, 110, 22, 3, 6, 231, 117, 18, 110, 88, 3, 93, 11, 145, 213, 50, 9, 6, 32, 61, 117, 92, 110, 7, 168, 61, 213, 100, 97, 128, 88, 32, 115, 149, 104, 104, 194, 225, 143, 11, 117, 104, 96, 181, 9, 97, 61, 213, 132, 120, 40, 5, 61, 193, 11, 132, 104, 70, 7, 104, 61, 104, 104, 168, 50, 110, 61, 120, 61, 168, 105, 8, 110, 149, 173]"
12002,"[85, 132, 255, 14, 128, 93, 168, 18, 132, 104, 250, 22, 77, 243, 72, 224, 67, 218, 218, 132, 12, 59, 125, 76, 22, 194, 6, 59, 78, 226, 43, 35, 25, 67, 117, 213, 104, 61, 70, 20, 108, 95, 160, 97, 117, 218, 22, 245, 68, 149, 229, 168, 218, 218, 133, 61, 168, 96, 104, 225, 225, 59, 168, 161, 115, 67, 40, 59, 3, 125, 149, 18, 168, 72, 8, 131, 61, 168, 72, 178, 40, 8, 134, 224, 133, 212, 89, 194, 33, 231, 61, 213, 62, 61, 88, 123, 89, 31, 86, 174, 190, 164, 201, 162, 195, 223, 38, 193, 194, 25, 143, 143, 93, 143, 149, 14, 128, 149, 149, 231, 97, 147, 50, 110, 93, 213, 18, 97, 149, 35, 88, 253, 18, 97, 149, 168, 22, 68]"
12003,"[217, 76, 50, 50, 129, 59, 149, 149, 129, 22, 5, 129, 129, 149, 149, 68, 50, 50, 68, 129, 149, 149, 168, 110, 50, 68, 129, 68, 149, 68, 8, 50, 68, 143, 149, 149, 120, 194, 128, 149, 143, 6, 68, 143, 128, 5, 129, 149, 149, 149, 149, 50, 149, 143, 149, 149, 59, 149, 50, 50, 149, 143, 68, 68, 143, 50, 194, 59, 129, 149, 231, 149, 22, 50, 149, 143, 149, 149, 68, 22, 194, 68, 149, 149, 129, 129, 8, 194, 129, 59, 213, 129, 143, 194, 50, 59, 61, 143, 143, 143, 50, 194, 129, 59, 59, 59, 143, 194, 194, 143, 149, 149, 149, 68, 194, 50, 59, 68, 68, 143, 149, 50, 149, 68, 143, 149, 149, 68, 50, 194, 12, 68, 68, 68, 68, 50, 8, 149, 149, 143, 149, 129, 50, 194, 180, 129, 68, 149, 149, 22, 194, 243, 97, 149, 149, 192, 22, 7, 18, 149, 67, 43, 18, 50, 50, 168, 68, 231, 72, 76, 22, 33, 104, 104, 68, 243, 72, 50, 8, 105, 59, 18, 168, 76, 142, 88, 149, 97, 68, 76, 18, 88, 50, 149, 149, 97, 62, 18, 149, 181, 149, 6, 143, 131, 177, 194, 218, 149, 129, 67, 149, 18, 142, 113, 231, 149, 149, 168, 18, 35, 70, 120, 97, 143, 163, 168, 35, 70, 104, 97, 59, 120, 143, 110, 88, 59, 231, 147, 243, 147, 70, 194, 147, 213, 147, 243, 6, 194, 35, 94, 149, 117, 213, 6, 225, 194, 104, 68, 168, 168, 6, 50, 50, 61, 97, 168, 143, 149, 194, 70, 143, 129, 100, 168, 168, 50, 5, 104, 213, 129, 224, 149, 149, 110, 224, 129, 143, 149, 97, 194, 70, 231, 149, 231, 97, 76, 22, 70, 61, 97, 67, 76, 72, 16, 50, 59, 97, 149, 168, 243]"
12004,"[49, 119, 14, 14, 206, 86, 223, 126, 126, 164, 201, 38, 64, 247, 64, 83, 25, 221, 75, 160]"
12005,"[248, 145, 145, 14, 35, 79, 114, 115, 94, 102, 35, 25, 44, 115, 168, 168, 207, 16, 246, 247, 168, 125, 255, 26, 35, 35, 67, 43, 145, 168, 78, 14, 241, 85, 188, 78, 255, 67, 22, 241, 26, 43, 43, 63, 115, 35, 88, 115, 78, 132, 0, 168, 35, 166, 19, 19, 115, 255, 255, 81, 35, 228, 145, 26, 145, 67, 51, 35, 67, 67, 67, 67, 255, 35, 22, 248, 26, 26, 67, 67, 14, 221, 64, 43, 188, 75, 26, 14, 153, 58, 147, 132, 43, 78, 14, 222, 182, 0, 83, 82, 114, 241, 240, 43, 43, 132, 58, 255, 14, 222, 44, 114, 115, 228, 248, 246, 151, 213, 229, 247, 132, 115, 142, 116, 247, 188, 132, 79, 199, 234, 250, 24, 132, 186, 171, 200, 1, 27, 71, 226, 114, 114, 19, 28, 91, 208, 139, 135, 174, 174, 241, 101, 114, 177, 200, 115, 26, 88, 225, 192, 168, 43, 67, 228]"
12006,"[85, 18, 110, 218, 76, 149, 136, 133, 212, 194, 50, 143, 29, 149, 18, 208, 50, 22, 29, 149, 154, 87, 12, 123, 232, 11, 141, 229, 149, 149, 4, 40, 68, 243, 15, 208, 243, 110, 110, 192, 125, 149, 76, 68, 218, 8, 68, 149, 196, 76, 120, 7, 110, 68, 231, 149, 59, 59, 50, 194, 76, 76, 120, 231, 149, 218, 218, 224, 149, 95, 18, 231, 22, 210, 59, 68, 229, 173, 72, 218, 50, 59, 149, 59, 243, 231, 155, 155, 143, 224, 243, 76, 76, 218, 22, 252, 59, 231, 224, 141, 8, 5, 76, 125, 95, 149, 93, 9, 20, 97, 213, 94, 61, 100, 110, 70, 143, 243, 149, 243, 243, 110, 110, 68, 149, 149, 93, 100, 110, 33, 3, 149, 121, 149, 196, 218, 250, 243, 18, 125, 149, 76, 50, 8, 231, 149, 149, 149, 15, 166, 13]"
12007,"[217, 14, 60, 98, 195, 80, 126, 126, 164, 201, 162, 195, 190, 167, 161, 241, 204, 146, 214, 97, 147, 11, 240, 151, 146, 46, 253, 48, 209, 205, 60, 170, 117, 251, 214, 214, 184, 34, 134, 61, 30, 251, 97, 35, 20, 160, 11, 132, 11, 251, 70, 70, 13, 214, 160, 160, 96, 184, 20, 157, 244, 163, 30, 229, 233, 123, 67, 34, 83, 97, 117, 240, 4, 213, 43, 168, 147, 255, 81, 35, 75, 214, 3, 75, 255]"
13003,"[167, 6, 19, 77, 218, 51, 154, 228, 115, 6, 182, 181, 7, 72, 193, 177, 182, 177, 225, 225, 77, 6, 19, 248, 168, 142, 7, 62, 78, 168, 193, 108, 8, 225, 97, 143, 107, 141, 67, 17, 128, 129, 187, 132, 96, 236, 204, 40, 134, 13, 115, 67, 185, 194, 233, 11, 130, 108, 59, 180, 70, 40, 95, 243, 6, 209, 236, 14, 35, 95, 228]"
13004,"[83, 121, 169, 236, 246, 14, 244, 117, 153, 236, 147, 218, 179, 160, 61, 208, 117, 243, 110, 35, 61, 119, 117, 163, 191, 194, 175, 236, 15, 163, 61, 122, 70, 33, 209, 61, 193, 61, 244, 70, 113, 61, 147, 117, 11, 6, 155, 14, 117, 78, 193, 135, 78, 246, 14, 213, 15, 117, 193, 217, 88, 35, 145, 134, 213, 61, 78, 117, 35, 61, 95, 244, 61, 64, 35, 232, 160, 61, 15, 117, 229, 222, 241, 236, 15, 163, 61, 15, 179, 184, 61, 61, 208, 183, 15, 246, 14, 15, 78, 132, 236, 78, 250, 110, 154, 117, 163, 163, 163, 14, 179, 61, 18, 163, 63, 213, 110, 16, 183, 229, 15, 163, 61, 246, 35, 191, 193, 244, 163, 30, 51, 179, 171, 100, 117, 163, 11, 9, 9, 244, 191, 247, 78, 208, 14, 241, 11, 147, 18, 117, 18, 16, 246, 78, 15, 183, 78, 58, 20, 9, 236, 119, 183, 117, 117, 35, 35, 61, 18, 117, 145, 117, 14, 35, 30, 183, 183, 247, 183, 14, 70, 61, 78, 183, 183, 168, 25, 9, 236, 247, 132, 61, 11, 151, 70, 11, 15, 18, 168, 15, 110, 241, 193, 191, 18, 168, 153, 70, 35, 191, 145, 117, 145, 169, 9, 25, 61, 15, 183, 61, 15, 156, 9, 236, 191, 61, 191, 172, 22, 90, 208, 147, 61, 229, 96, 33, 241, 11, 169, 94, 96, 30, 117, 241, 54, 94, 96, 203, 74, 35, 35, 70, 107, 213, 135, 135, 241, 241, 107, 214, 61, 18, 132, 9, 41, 68, 243, 196, 15, 104, 225, 205, 115, 74, 43, 161, 61, 25, 7, 149, 143, 93, 120, 187, 234, 184, 249, 74, 93, 109, 249, 39, 39, 109, 10, 104, 107, 11, 110, 142, 58, 214, 160, 237, 191, 70, 25, 244, 135, 161, 191, 169, 241, 9, 11, 74, 145, 19, 115, 110, 25, 236, 168, 62, 62, 15, 14, 241, 183, 168, 247, 78, 117, 14, 222, 236, 247, 183, 183, 183, 14, 35, 213, 61, 49, 147, 150, 9, 35, 145, 191, 227, 213, 15, 35, 70, 11, 147, 243, 183, 168, 14, 25, 183, 78, 78, 183, 15, 35, 70, 75, 11, 100, 78, 78, 16, 179, 61, 117, 62, 229, 18, 14, 9, 236, 229, 183, 183, 117, 110, 110, 208, 117, 183, 49, 18, 16, 35, 61, 163, 117, 117, 15, 232, 9, 236, 117, 168, 119, 163, 61, 52, 236, 18, 183, 76, 55, 110, 184, 236, 229, 117, 183, 183, 110, 35, 236, 47, 61, 57, 192, 81, 110, 117, 64, 236, 95, 196, 81, 9, 117, 243, 183, 18, 208, 110, 14, 13, 117, 147, 49, 117, 5, 113, 192, 193, 236, 49, 163, 35, 33, 87, 213, 11, 157, 244, 9, 123, 244, 191, 11, 153, 187, 232, 9, 137, 183, 208, 183, 183, 123, 70, 135, 117, 117, 117, 100, 14, 9, 198, 191, 13, 87, 192, 35, 70, 13, 100, 183, 168, 163, 123, 241, 163, 135, 183, 18, 249, 33, 123, 61, 12, 208, 208, 163, 9, 184, 13, 30, 229, 12, 87, 241, 99, 208, 100, 117, 62, 18, 250, 25, 206, 94, 100, 183, 18, 113, 20, 11, 102, 96, 215, 11, 246, 35, 244, 54, 249, 18, 183, 70, 110, 193, 168, 115, 158, 61, 35, 155, 244, 172, 49, 18, 168, 25, 184, 213, 249, 200, 168, 243, 33, 70, 135, 100, 168, 168, 109, 241, 166, 18, 208, 62, 168, 93, 234, 240, 15, 100, 153, 172, 147, 179, 20, 244, 73, 167, 18, 18, 33, 113, 11, 62, 249, 54, 172, 110, 33, 206, 94, 137, 18, 74, 250, 60, 30, 62, 62, 31, 191, 88, 241, 78, 229, 15, 74, 229, 142, 88, 30, 83, 196, 117, 122, 99, 35, 30, 15, 78, 100, 183, 36, 222, 191, 78, 183, 47, 117, 27, 241, 119, 183, 191, 15, 121, 113, 123, 89, 186, 106, 191, 191, 20, 70, 30, 78, 15, 94, 168, 222, 241, 135, 119, 183, 119, 183, 65, 9, 216, 100, 18, 18, 62, 250, 99, 15, 183, 78, 62, 193]"
13006,"[83, 152, 45, 247, 218, 16, 49, 208, 216, 119, 141, 81, 179, 192, 29, 208, 243, 49, 218, 156, 192, 229, 45, 71, 236, 16, 233, 153, 30, 45, 72, 29, 16, 20, 236, 208, 45, 216, 208, 16, 123, 76, 76, 55, 95, 196, 221, 233, 220, 15, 153, 30, 76, 233, 5, 208, 76, 125, 220, 212, 246, 51, 220, 152, 49, 133, 29, 123, 110, 236, 236, 15, 216, 212, 246, 16, 82, 100, 62, 153, 61, 173, 17, 125, 76, 197, 152, 152, 233, 5, 29, 153, 253, 152, 163, 218, 81, 208, 43, 49, 30, 229, 218, 16, 62, 247, 78, 152, 43, 185, 91, 197, 82, 95, 24, 64, 166, 17, 30, 49, 220, 76, 197, 151, 90, 208, 64, 212, 121, 45, 16, 175, 248, 76, 212, 49, 178, 9, 250, 49, 208, 178, 67, 216, 250, 250, 247, 24, 24, 152, 49, 166, 185, 125, 76]"
13007,"[130, 225, 70, 143, 61, 97, 168, 147, 50, 128, 168, 168, 143, 18, 255, 22, 70, 62, 168, 78, 18, 168, 185, 70, 61, 129, 199, 61, 143, 194, 70, 182, 104, 11, 182, 114, 70, 22, 19, 94, 104, 108, 59, 35, 194, 129, 93, 104, 168, 168, 128, 149, 115, 168, 243, 168, 168, 22, 7, 6, 231, 168, 67, 72, 185, 50, 143, 74, 67, 168, 168, 128, 250, 168, 168, 62, 78, 168, 218, 128, 149, 149, 149, 18, 168, 22, 194, 173, 129, 168, 18, 78, 128, 128, 18, 18, 18, 6, 115, 128, 218, 78, 243, 18, 72, 76, 88, 50, 131, 76, 168, 168, 168, 110, 110, 168, 18, 168, 149, 18, 128, 110, 168, 18, 154, 149, 168, 128, 35, 18, 18, 72, 125, 149, 76, 25, 121, 197, 18, 168, 231, 110, 110, 208, 168, 149, 18, 168, 128, 128, 125, 149, 168, 18, 18, 250, 25, 18, 168, 108, 143, 18, 110, 128, 168, 18, 18, 18, 173, 88, 194, 143, 149, 154, 243, 18, 110, 110, 97, 18, 149, 243, 243, 22, 194, 243, 18, 149, 120, 19]"
13008,"[217, 168, 147, 70, 50, 129, 61, 97, 149, 117, 70, 50, 18, 97, 168, 168, 97, 149, 50, 61, 129, 149, 108, 143, 35, 70, 143, 61, 97, 143, 213, 70, 70, 143, 143, 143, 61, 61]"
13009,"[47, 72, 178, 20, 81, 72, 178, 92, 95, 125, 218, 4, 147, 255, 212, 95, 146, 70, 90, 120, 217, 83, 134, 188, 151, 70, 226, 231, 193, 96, 58, 234, 194, 160, 214, 61, 61, 213, 20, 70, 146, 61, 63, 212, 192, 151, 240, 24, 196, 47, 207, 251, 20, 20, 2, 213, 160, 134, 213]"
13010,"[236, 132, 23, 115, 22, 234, 199, 213, 61, 117, 47, 35, 35, 105, 134, 2, 214, 253, 90, 205, 56, 251, 213, 212, 146, 20, 123, 198, 157, 253, 146, 214, 241, 37, 79, 98]"
21001,"[188, 66, 66, 224, 178, 141, 125, 47, 179, 9, 15, 169, 167, 247, 45, 123, 210, 229, 125, 45, 125, 131, 155, 16, 76, 131, 12, 19, 12, 194, 50, 59, 100, 243, 153, 192, 250, 210, 119, 247, 125, 131, 30, 246, 246, 229, 229, 49, 229, 119, 9, 20, 12, 231, 119, 64, 192, 142, 194, 173, 121, 18, 18, 18, 22, 123, 121, 76, 62, 208, 125, 175, 155, 243, 62, 149, 208, 78, 16, 81, 229, 13, 215, 95, 15, 250, 16, 62, 93, 77, 43, 122, 7, 175, 178, 61, 125, 243, 153, 9, 9, 192, 125, 192, 243, 130, 9, 16, 64, 236, 72, 224, 72, 155, 17, 224, 76, 6, 231, 18, 250, 218, 131, 95, 122, 2, 252, 123, 51, 63, 160, 13, 19, 192, 218, 175, 192, 18, 243, 191, 208, 179, 9, 12, 68, 143, 61, 59, 123, 9, 95, 62, 131, 59, 231, 16, 16, 76, 149, 76, 93, 100, 233, 218, 125, 229, 208, 76, 76, 16, 113, 236, 149, 76, 196, 161, 194, 218, 231, 149, 59, 236, 125, 110, 218, 93, 59, 243, 229, 131, 184, 33, 231, 18, 15, 236, 244, 123, 142, 217, 243, 18, 168, 247, 110, 110, 229, 78, 15, 62, 125, 22, 225, 59, 149, 18, 149, 149, 149, 218, 243, 168, 18, 149, 243, 110, 166, 149, 231, 18, 18, 15, 110, 133, 68, 178, 231, 18, 247, 110, 110, 236, 115, 207, 67, 149, 234, 240, 149, 143, 229, 187, 135, 81, 110, 117, 61, 193, 120, 143, 184, 155, 229, 61, 157, 61, 122, 123, 246, 243, 76, 12, 59, 134, 66, 8, 178, 34, 49, 13, 95, 123, 16, 178, 236, 153, 192, 131, 5, 123, 95, 208, 76, 12, 192, 175, 155, 216, 59, 59, 76, 59, 16, 16, 59, 125, 125, 243, 125, 123, 179, 134, 224, 243, 125, 49, 194, 179, 59, 134, 59, 149, 149, 155, 194, 34, 34, 61, 198, 34, 194, 110, 34, 34, 134, 34, 59, 9, 123, 95, 76, 76, 125, 149, 175, 123, 125, 59, 134, 72, 178, 155, 210, 220, 149, 243, 134, 59, 110, 175, 160, 220, 125, 76, 59, 66, 16, 49, 59, 76, 125, 125, 110, 155, 125, 95, 125, 243, 193, 155, 123, 76, 152, 76, 224, 224, 233, 123, 236, 208, 100, 178, 59, 110, 5, 59, 231, 193, 95, 149, 76, 5, 160, 143, 61, 61, 143, 123, 123, 59, 149, 229, 208, 18, 50, 175, 125, 59, 131, 59, 216, 9, 175, 178, 59, 18, 208, 153, 123, 240, 229, 59, 119, 236, 62, 142, 7, 18, 29, 243, 229, 236, 16, 179, 192, 125, 125, 125, 125, 179, 50, 76, 76, 43, 197, 43, 110, 246, 18, 100, 243, 149, 133, 37, 110, 18, 149, 122, 231, 62, 123, 218, 149, 197, 93, 231, 149, 123, 110, 76, 83, 122, 231, 224, 14, 234, 68, 59, 243, 132, 89, 99, 88, 49, 18, 149, 131, 59, 250, 218, 121, 112, 146, 59, 95, 123, 250, 76, 6, 59, 231, 18, 218, 110, 125, 143, 59, 77, 149, 110, 233, 244, 18, 125, 18, 143, 155, 123, 125, 214, 61, 143, 147, 110, 110, 149, 129, 30, 59, 100, 50, 110, 13, 160, 120, 231, 149, 50, 123, 125, 243, 153, 59, 133, 5, 123, 147, 244, 160, 96, 59, 5, 123, 220, 76, 76, 18, 47, 9, 16, 125, 193, 209, 192, 15, 16, 218, 243, 168, 18, 78, 243, 16, 110, 62, 197, 178, 95, 160, 123, 110, 149, 243, 196, 208, 208, 110, 110, 243, 76, 62, 208, 125, 233, 240, 131, 59, 243, 153, 231, 175, 194, 110, 231, 243, 78, 18, 179, 194, 18, 76, 149, 224, 149, 194, 9, 133, 61, 243, 15, 93, 123, 110, 236, 125, 173, 149, 149, 99, 16, 149, 134, 231, 228, 59, 123, 110, 149, 18, 149, 149, 125, 110, 110, 61, 59, 249, 120, 59, 16, 233, 95, 59, 76, 125, 149, 155, 110, 49, 243, 76, 59, 59, 8, 110, 149, 125, 95, 149, 224, 16, 9, 59, 165, 13, 95, 76, 155, 123, 125, 59, 59, 13, 13, 20, 50, 34, 236, 243, 236, 49, 9, 20, 59, 59, 59, 149, 125, 110, 194, 59, 243, 68, 68, 109, 5, 113, 109, 59, 249, 236, 216, 5, 5, 57, 134, 76, 231, 76, 8, 5, 198, 59, 109, 242, 245, 181, 184, 236, 244, 249, 59, 59, 33, 123, 134, 59, 153, 59, 76, 113, 9, 216, 236, 59, 68, 187, 155, 5, 76, 59, 244, 13, 61, 5, 5, 95, 76, 87, 249, 59, 194, 218, 224, 231, 158, 61, 165, 33, 20, 134, 59, 100, 237, 198, 5, 155, 100, 54, 89, 61, 18, 113, 194, 120, 77, 197, 104, 187, 225, 5, 11, 193, 143, 76, 188, 222, 5, 12, 3, 112, 100, 76, 99, 221, 196, 94, 104, 129, 61, 110, 33, 202, 213, 11, 173, 153, 52, 184, 244, 61, 243, 224, 57, 33, 225, 180, 68, 108, 59, 109, 40, 8, 212, 68, 165, 11, 213, 40, 8, 135, 206, 71, 13, 12, 8, 175, 104, 180, 105, 224, 220, 88, 5, 187, 18, 12, 61, 61, 52, 194, 59, 224, 249, 57, 244, 5, 8, 224, 18, 244, 95, 57, 194, 194, 231, 12, 231, 165, 157, 40, 8, 229, 68, 12, 160, 59, 155, 241, 61, 61, 59, 59, 143, 8, 8, 59, 76, 76, 149, 59, 33, 33, 187, 120, 61, 59, 215, 194, 225, 192, 59, 149, 68, 68, 155, 110, 104, 61, 244, 244, 191, 99, 16, 15, 15, 61, 76, 180, 187]"
21002,"[217, 76, 149, 243, 5, 9, 59, 224, 149, 76, 125, 5, 50, 76, 59, 72, 125, 236, 110, 218, 125, 76, 76, 76, 18, 128, 8, 149, 125, 149, 93, 95, 50, 8, 129, 178, 61, 76, 76, 8, 22, 59, 243, 76, 243, 76, 9, 233, 59, 125, 59, 243, 72, 8, 218, 129, 149, 76, 125, 93, 123, 110, 76, 149, 72, 125, 125, 50, 8, 125, 224, 149, 76, 149, 175, 128, 224, 72, 134, 149, 72, 218, 194, 59, 149, 243, 76, 149, 175, 22, 134, 143, 6, 59, 76, 155, 8, 143, 243, 149, 76, 149, 155, 123, 18, 129, 224, 149, 125, 110, 218, 125, 149, 18, 168, 149, 50, 128, 224, 140, 149, 149, 105, 218, 110, 76, 149, 76, 125, 125, 123, 194, 125, 59, 59, 149, 76, 110, 8, 149, 76, 168, 125, 236, 110, 22, 59, 243, 243, 149, 76, 16, 128, 216, 59, 76, 129, 224, 218, 8, 125, 236, 224, 149, 59, 50, 8, 149, 149, 76, 224, 149, 22, 123, 95, 125, 76, 149, 76, 8, 8, 125, 76, 76, 76, 125, 8, 8, 149, 224, 125, 72, 224, 22, 8, 129, 125, 59, 149, 59, 16, 155, 149, 18, 208, 125, 149, 218, 218, 6, 231, 76, 125, 149, 22, 123, 76, 95, 224, 224, 102, 155, 8, 59, 212, 224, 125, 125, 175, 22, 59, 243, 49, 125, 59, 8, 17, 125, 224, 49, 224, 29, 8, 22, 59, 95, 149, 59, 84, 35, 155, 224, 149, 212, 117, 224, 123, 218, 125, 149, 76, 95, 134, 17, 8, 29, 224, 125, 125, 125, 8, 8, 59, 212, 95, 84, 134, 155, 88, 125, 125, 76, 125, 125, 8, 218, 59, 76, 243, 125, 134, 66, 8, 59, 143, 125, 49, 97, 16, 175, 95, 125, 147, 224, 131, 155, 175, 59, 62, 149, 76, 149, 193]"
22001,"[157, 81, 179, 77, 129, 229, 15, 208, 246, 232, 100, 67, 29, 117, 214, 70, 70, 183, 18, 208, 208, 208, 16, 81, 95, 29, 18, 251, 214, 50, 194, 129, 231, 243, 62, 229, 221, 204, 97, 145, 78, 62, 18, 110, 110, 208, 62, 15, 183, 247, 179, 123, 229, 119, 62, 243, 247, 246, 246, 208, 43, 169, 79, 174, 176, 1, 143, 129, 120, 199, 213, 21, 88, 31, 195, 190, 190, 249, 113, 5, 74, 131, 187, 120, 31, 33, 176, 162, 195, 223, 167, 63, 184, 21, 98, 235, 38, 147, 147, 81, 35, 117, 147, 229, 183, 61, 9, 212, 61, 152, 47, 147, 24, 179, 33, 11, 170, 61, 213, 214, 70, 210, 160, 191, 78, 227, 213, 70, 151, 32, 129, 11, 135, 94, 66, 210, 49, 125, 208, 132, 58, 50, 184, 165, 11, 63, 104, 199, 184, 41, 68, 86, 118, 118, 58, 113, 205, 11, 57, 71, 114, 96, 241, 184, 146, 96, 96, 244, 64, 35, 184, 191, 95, 125, 131, 146, 70, 20, 213, 11, 114, 59, 165, 70, 179, 11, 208, 183, 153, 171, 184, 70, 214, 61, 61, 45, 117, 14, 240, 153, 134, 208, 193, 160, 241, 101, 187, 61, 11, 152, 32, 155, 14, 117, 163, 136, 78, 131, 184, 241, 214, 214, 217, 168, 134, 232, 5, 30, 208, 247, 18, 122, 241, 184, 214, 213, 236, 78, 132, 5, 155, 227, 11, 247, 119, 93, 123, 246, 161, 244, 183, 78, 125, 250, 113, 30, 119, 125, 125, 178, 155, 240, 208, 62, 229, 102, 236, 25, 218, 83, 78, 163, 163, 145, 110, 246, 183, 163, 207, 178, 95, 241, 25, 170, 109, 170, 235, 200, 5, 123, 229, 62, 122, 192, 78, 35, 205, 172, 78, 243, 78, 102, 14, 22, 59, 193, 235, 174, 190, 176, 1, 120, 135, 58, 147, 96, 181, 181, 12, 199, 89, 165, 237, 181, 5, 12, 165, 165, 178, 12, 5, 155, 178, 32, 13, 59, 165, 5, 5, 192, 193, 192, 131, 95, 66, 175, 125, 43, 243, 131, 167, 5, 113, 192, 125, 131, 109, 79, 176, 201, 162, 195, 200, 120, 31, 33, 194, 54, 231, 122, 135, 120, 155, 123, 62, 125, 125, 243, 125, 99, 5, 95, 76, 131, 244, 206, 155, 20, 253, 49, 117, 49, 49, 35, 123, 13, 89, 160, 95, 198, 123, 232, 213, 236, 95, 125, 153, 73]"
22002,"[82, 118, 167, 204, 184, 107, 217, 161, 235, 174, 21, 184, 118, 86, 217, 161, 86, 21, 21, 38, 83, 188, 130, 96, 240, 35, 63, 167, 130, 30, 188, 204, 21, 235, 38, 85, 63, 118, 176, 176, 144, 136, 145, 63, 209, 184, 70, 96, 167, 83, 147, 83, 179, 176, 98, 86, 38, 82, 48, 240, 156, 248, 161, 118, 174, 190, 164, 201, 162, 127, 80, 126, 126, 164, 201, 162, 127, 80, 254, 167, 204, 240, 85, 188, 69, 186, 174, 21, 65, 96, 186, 174, 190, 126, 164, 201, 162, 127, 80, 126, 126, 164, 201, 162, 127, 80, 126, 126, 164, 201, 162, 127, 80, 126, 126, 164, 201, 162, 38, 83, 188, 63, 240, 204, 217, 82, 217, 130, 89, 240, 88, 146, 213, 92, 169, 167, 51, 204, 217, 83, 188, 83, 83, 81, 88, 92, 188, 102, 83, 63, 184, 91, 169, 217, 154, 83, 188, 51, 81, 83, 188, 63, 92, 83, 218, 204, 92, 147, 83, 130, 92, 51, 81, 147, 85, 83, 97, 196, 204, 21, 217, 85, 83, 83, 83, 81, 204, 213, 188, 85, 82, 92, 204, 240, 83, 247, 139, 154, 83, 51, 51, 63, 97, 85, 63, 209, 240, 156, 167, 188, 188, 188, 64, 221, 88, 188, 85, 85, 83, 130, 184, 240, 247, 247, 188, 85, 97, 81, 51, 26, 139]"
22004,"[196, 78, 168, 8, 110, 18, 243, 183, 18, 18, 110, 110, 76, 18, 243, 72, 224, 110, 128, 224, 149, 224, 18, 18, 250, 110, 18, 76, 243, 18, 76, 110, 110, 76, 149, 243, 18, 243, 16, 16, 149, 18, 18, 149, 224, 8, 110, 18, 224, 149, 224, 224, 250, 250, 18, 149, 224, 149, 149, 224, 110, 18, 18, 83, 196, 243, 110, 250, 18, 18, 243, 18, 18, 110, 8, 18, 168, 18, 149, 224, 88, 149, 224, 224, 168, 224, 149, 250, 110, 18, 18, 243, 147, 18, 250, 110, 18, 18, 18, 224]"
23001,"[96, 241, 225, 213, 61, 213, 213, 213, 70, 70, 213, 213, 213, 61, 213, 65, 70, 213, 213, 226, 214, 213, 88, 194, 104, 230, 174, 190, 80]"
23002,"[83, 173, 212, 20, 9, 95, 49, 26, 26, 132, 240, 51, 153, 83, 47, 26, 78, 25, 166, 117, 24, 152, 83, 251, 20, 240, 64, 85, 188, 247, 130, 240, 151, 253, 30, 207, 161, 30, 14, 14, 83, 121, 216, 89, 171, 28, 234, 165, 96, 94, 141, 63, 241, 5, 46, 160, 13, 64, 85, 14, 179, 30, 98, 12, 19, 199, 234, 225, 192, 29]"
23003,"[77, 132, 236, 61, 218, 22, 95, 117, 47, 72, 120, 123, 81, 161, 89, 157, 146, 12, 5, 155, 59, 133, 134, 213, 61, 9, 155, 95, 212, 134, 57, 212, 155, 155, 12, 180, 72, 134, 47, 66, 8, 125, 173, 84, 227, 61, 123, 35, 178, 213, 95, 13, 93, 66, 22, 72, 224, 212, 12, 209, 194, 155, 202, 11, 115, 131, 191, 8, 20, 3, 224, 180, 105, 105, 155, 20, 134, 95, 96, 13, 12, 123, 20, 58, 11, 61, 59, 59, 8, 123, 59, 125, 214, 120, 13, 40, 155, 61, 129, 134, 59, 59, 50, 123, 95, 143, 61, 214, 143, 110, 50, 143, 57, 213, 143, 61, 9, 70, 213, 134, 95, 108, 134, 155, 4, 134, 72, 216, 34, 84, 155, 8, 134, 72, 134, 8, 3, 128, 34, 84, 105, 34, 34, 117, 66, 179, 236, 220, 34, 61, 47, 210, 123, 76, 229, 224, 224, 133, 210, 5, 13, 192, 131, 12, 13, 5, 184, 95, 220, 131, 95, 84, 16, 151, 95, 193, 95, 134, 125, 123, 123, 93, 134, 224, 216, 180, 155, 155, 32, 57, 160, 12, 160, 5, 155, 125, 180, 146, 95, 95, 123, 232, 95, 243, 95, 134, 15]"
23004,"[221, 66, 197, 18, 78, 208, 15, 25, 16, 208, 117, 145, 255, 45, 110, 14, 247, 78, 18, 132, 117, 110, 240, 78, 117, 183, 78, 117, 14, 17, 147, 229, 117, 119, 229, 246, 25, 131, 231, 15, 15, 243, 250, 166, 183, 83, 15, 119, 119, 110, 110, 220, 243, 15, 163, 247, 250, 110, 18, 243, 196, 15, 117, 22, 37, 49, 196, 18, 173, 196, 128, 17, 243, 251, 11, 228, 100, 110, 110, 34, 243, 18, 78, 18, 16, 16, 243, 125, 243, 229, 229, 110, 128, 149, 34, 145, 229, 67, 110, 51, 196, 117, 15, 139, 63, 234, 5, 76, 149, 26, 83, 67, 110, 51, 208, 243, 15, 117, 18, 14, 110, 55, 78, 15, 229, 119, 246, 110, 208, 243, 78, 78, 78, 110, 16, 61, 149, 18, 78, 117, 22, 240, 243, 18, 18, 18, 117, 110, 166, 243, 196, 78, 15, 243, 250, 166, 92, 62, 119, 62, 18, 51, 250, 62, 243, 18, 18, 78, 250, 250, 149, 78, 15, 18, 62, 110, 250, 243, 243, 117, 15, 18, 110, 218, 196, 168, 62, 78, 78, 14, 250, 78, 147, 183, 78, 78, 18, 250, 62, 117, 78, 78, 78, 25, 110, 18, 168, 168, 168, 18, 110, 166, 229, 18, 168, 67, 45, 110, 35, 243, 117, 18, 15, 119, 250, 14, 183, 117, 183, 117, 78, 110, 16, 208, 117, 183, 168, 18, 250, 250, 18, 149, 183, 18, 18, 14, 250, 62, 183, 147, 117, 75, 16, 250, 131, 145, 18, 24, 154, 14, 250, 18, 18, 78, 18, 18, 110, 250, 62, 18, 18, 18, 78, 14, 110, 208, 18, 18, 18, 168, 110, 221, 139, 85, 64, 207, 132, 14, 166, 197, 18, 78, 18, 18, 14, 250, 18, 168, 117, 168, 243, 250, 250, 62, 18, 18, 78, 243, 18, 250, 208, 147, 117, 132, 115, 128, 110, 208, 183, 78, 168, 62, 110, 35, 220, 183, 117, 18, 115, 128, 16, 117, 18, 18, 18, 78, 14, 246, 18, 18, 78, 132, 255, 110, 35, 18, 18, 168, 145, 24, 14, 250, 247, 117, 18, 78, 78, 250, 250, 62, 168, 18, 168, 18, 110, 14, 147, 168, 15, 78, 168, 14, 250, 208, 78, 183, 78, 18, 110, 250, 18, 168, 168, 78, 78, 14, 14, 18, 168, 183, 78, 183, 14, 110, 18, 18, 78, 78, 18, 110, 16, 78, 18, 243, 18, 18, 250, 16, 243, 18, 62, 18, 168, 250, 218, 76, 208, 18, 18, 63, 9, 246, 188, 18, 78, 18, 18, 250, 142, 68, 243, 18, 18, 18, 66, 110, 76, 18, 18, 18, 18, 250, 218, 76, 149, 18, 18, 119, 110, 250, 18, 18, 243, 220, 18, 250, 218, 243, 149, 231, 224, 18, 250, 246, 76, 18, 78, 196, 62, 166, 110, 149, 243, 229, 18, 243, 110, 142, 231, 149, 196, 229, 119, 99, 250, 243, 231, 62, 6, 61, 250, 17, 208, 62, 211, 228, 219, 70, 250, 93, 100, 121, 231, 18, 110, 250, 62, 149, 243, 228, 148, 232, 7, 197, 18, 228, 182, 182, 33, 113, 76, 104, 74, 15, 139, 33, 99, 117, 100, 62, 54, 187, 36, 166, 10, 118, 42, 196, 18, 246, 246, 119, 117, 187, 100, 18, 41, 16, 6, 104, 114, 124, 18, 22, 7, 18, 18, 18, 168, 187, 241, 166, 115, 18, 18, 228, 137, 14, 110, 231, 18, 78, 18, 18, 14, 250, 243, 18, 18, 168, 18, 16, 110, 119, 104, 187, 115, 18, 14, 241, 163, 117, 18, 115, 78, 41, 33, 54, 197, 78, 191, 168, 25, 110, 149]"
23005,"[6, 134, 95, 8, 234, 95, 105, 105, 84, 177, 59, 5, 231, 93, 12, 120, 108, 8, 155, 177, 19, 13, 214, 213, 20, 20, 32, 165, 236, 130, 19, 65, 9, 59, 180, 180, 19, 12, 234, 113, 182, 32, 177, 19, 115, 22, 20, 136, 139, 199, 146, 46, 225, 210, 71, 46, 124, 171, 2, 70, 225, 146, 177, 214, 214, 108, 20, 113, 57, 231, 130, 89, 114, 21, 52, 3, 131, 253, 58, 89, 181, 70, 58, 89, 170, 32, 178, 240, 205, 191, 12, 203, 148, 130, 184, 60, 19, 192, 255, 45, 214, 88, 8, 132, 115, 6, 95, 58, 184, 240, 153, 150, 48, 199, 214, 205, 184, 77, 6, 236, 43, 67, 66, 218, 153, 114, 209, 3, 224, 218, 128, 125, 72, 72, 178, 146, 5, 181, 146, 180, 95, 180, 220, 250, 22, 224, 76, 255, 78, 105, 40, 155, 197, 108, 3, 133, 180, 8, 225, 19, 13, 108, 57, 160, 155, 225, 12, 115]"
23006,"[85, 145, 204, 225, 95, 75, 209, 167, 63, 184, 65, 89, 199, 96, 48, 96, 65, 240, 82, 107, 217, 63, 92, 204, 184, 30, 188, 130, 146, 96, 21, 240, 169, 167, 63, 96, 217, 179, 240, 63, 217, 15, 130, 96, 70, 65, 92, 82, 209, 209, 30, 156, 91, 130, 209, 146, 96, 217, 204, 184, 96, 199, 30, 169, 217, 156, 91, 154, 146, 30, 154, 0, 35, 184, 226, 79, 217, 82, 235, 103, 14, 83, 130, 96, 217, 83, 156, 21, 48, 118, 167, 188, 43, 88, 181, 11, 130, 30, 229, 130, 184, 184, 148, 82, 107, 209, 146, 184, 184, 96, 30, 145, 118, 199, 240, 156, 48, 174, 223, 235, 199, 184, 184, 217, 82, 217, 169, 209, 21, 65, 96, 167, 130, 146, 96, 184, 27, 98, 195, 174, 107, 96, 91, 179, 167, 85, 83, 130, 96, 176, 103, 229, 102, 82, 217, 145, 51, 51, 130, 217, 188, 83, 147, 81, 204, 217, 82, 167, 97, 161, 65, 240, 130, 217, 63, 213, 63, 240, 156, 107, 217, 169, 248, 63, 65, 65, 96, 235, 148, 169, 48, 65, 184, 148, 83, 188, 83, 154, 51, 156, 199, 209, 74, 63, 209, 91, 156, 235, 189, 174, 167, 169, 176, 27, 38, 82, 217, 169, 199, 184, 27, 98, 199, 96, 235, 167, 156, 21, 136, 122, 235, 107, 96, 176, 27, 162, 127, 80, 126, 126, 164, 138]"
23007,"[49, 15, 102, 154, 88, 116, 83, 102, 79, 174, 190, 164, 176, 162, 127, 80, 190, 190, 21, 27, 162, 127, 80, 126, 126, 164, 201, 162, 127, 80, 126, 126, 164, 201, 162, 127, 80, 126, 126, 164, 201, 162, 127, 80, 126, 126, 164, 201, 162, 127, 80, 126, 126, 164, 201, 162, 127, 80, 254, 38, 81, 81, 85, 83, 102, 247, 64, 35, 246, 64, 102, 56, 183, 102, 81, 88, 247, 64, 163, 147, 83, 14, 246, 247, 154, 102, 64, 147, 204, 240, 188, 188, 188, 188, 83, 51, 51, 247, 102, 154, 229, 229, 14, 51, 145, 188, 188, 188, 85, 81, 81, 83, 83, 147, 118, 174, 39, 201, 162, 127, 80, 126, 126, 164, 201, 162, 195, 190, 167, 83, 204, 240, 188, 188, 188, 188, 139, 176, 201, 162, 127, 80, 126, 126, 164, 201, 162, 127, 80, 126, 126, 164, 201, 162, 127, 80, 126, 126, 164, 201, 162, 127, 80, 126, 126, 164, 201, 162, 195, 38, 139, 38, 51, 51, 83, 188, 130, 213, 79, 176, 27, 162, 127, 80, 126, 126, 164, 201, 162, 127, 80, 126, 126, 164, 201, 162, 127, 80, 126, 126, 164, 201, 162, 127, 80, 126, 126, 164, 201, 162, 127, 80, 126, 126, 164, 201, 162, 127, 80, 126, 126, 164, 201, 162, 127, 80, 126, 126, 164, 201, 162, 127, 80, 126, 126, 164, 201, 162, 127, 80, 126, 126, 164, 201, 162, 127, 80, 126, 126, 164, 201, 162, 127, 80, 126, 126, 164, 201, 162, 127, 80, 126, 126, 164, 201, 162, 127, 80, 126, 126, 164, 201, 162, 127, 80, 126, 126, 164, 201, 162, 127, 80, 126, 126, 164, 201, 162, 127, 80, 126, 126, 164, 201, 162, 127, 80, 126, 126, 164, 201, 162, 127, 80, 126, 126, 164, 201, 162, 127, 80, 126, 126, 164, 201, 162, 127, 80, 126, 126, 164, 201, 162, 127, 80, 126, 126, 164, 201, 162, 127, 80, 126, 126, 164, 201, 162, 127, 80, 126, 126, 164, 201, 162, 127, 80, 126, 126, 164, 201, 162, 127, 80, 126, 126, 164, 201, 162, 127, 80, 126, 126, 164, 201, 162, 127, 80, 126, 126, 164, 201, 162, 127, 80, 126, 126, 164, 201, 162, 127, 80, 126, 126, 164, 201, 162, 127, 80, 126, 126, 164, 201, 162, 127, 80, 126, 126, 164, 201, 162, 127, 80, 126, 126, 164, 201, 162, 127, 80, 126, 126, 164, 201, 162, 127, 80, 126, 126, 164, 201, 162, 127, 80, 126, 126, 164, 201, 162, 127, 80, 126, 126, 164, 201, 162, 189, 199, 92, 193, 20, 35, 236, 59, 95, 125, 131, 20, 9, 96]"
23008,"[203, 190, 201, 21, 98, 162, 223, 98, 209, 234, 5, 12, 19, 165, 200, 10, 175, 5, 12, 19, 182, 114, 12, 113, 234, 165, 165, 0, 6, 57, 175, 5, 12, 165, 182, 111, 186, 234, 5, 12, 165, 19, 19, 182, 234, 234, 177, 165, 87, 32, 57, 234, 234, 87, 182, 180, 165, 255, 14, 81, 83, 43, 125, 125, 125, 175, 240, 196, 49, 243, 85, 49, 218, 175, 236, 224, 132, 192, 76, 221, 81, 131, 96, 236, 83, 196, 110, 246, 76, 125, 208, 188, 196, 81, 14, 45, 49, 30, 178, 192, 246, 233, 13, 209, 95, 87, 107, 113, 21, 44, 118, 249, 170, 86, 5, 5, 165, 187, 79, 167, 6, 5, 65, 12, 19, 165, 48, 209, 184, 176, 107, 107, 114, 191, 174, 176, 52, 58, 58, 118, 87, 32, 155, 181, 12, 12, 200, 57, 165, 116, 81, 212, 236, 49, 147, 229, 51, 179, 30, 83, 196, 178, 11, 222, 70, 229, 208, 47, 196, 244, 52, 9, 30, 196, 236, 15, 125, 155, 110, 49, 102, 208, 24, 198, 179, 9, 117, 83, 147, 131, 160, 9, 204, 236, 84, 133, 252, 77, 4, 9, 178, 47, 196, 30, 161, 184, 9, 45, 161, 96, 236, 229, 35, 9, 160, 160, 95, 160, 236, 221, 9, 160, 244, 95, 160, 236, 151, 9, 160, 160, 13, 244, 71, 9, 233, 96, 96, 244, 73, 44, 184, 101, 59, 180, 13, 165, 54, 5, 70, 187, 13, 237, 182, 187, 33, 33, 108, 224, 19, 48, 96, 184, 20, 89, 212, 87, 97, 61, 9, 5, 160, 244, 13, 157, 13, 113, 155, 96, 202, 244, 13, 146, 234, 66, 13, 203, 71, 177, 57, 20, 9, 242, 160, 87, 13, 160, 9, 241, 167, 182, 87, 157, 120, 5, 41, 198, 215, 160, 96, 96, 241, 20, 214, 95, 203, 94, 61, 65, 70, 187, 168, 249, 32, 57, 5, 20, 120, 59, 58, 214, 95, 70, 241, 213, 198, 160, 160, 217, 232, 181, 165, 97, 18, 129, 57, 9, 222, 61, 242, 143, 109, 96, 20, 9, 215, 95, 73, 242, 180, 5, 7, 149, 133, 214, 61, 244, 20, 70, 180, 12, 19, 89, 58, 234, 40, 180, 202, 160, 12, 165, 65, 88, 34, 134, 253, 13, 146, 184, 20, 157, 13, 209, 95, 13, 5, 5, 180, 84, 124, 32, 12, 5, 20, 13, 198, 89, 209, 58, 65, 20, 13, 244, 13, 13, 242, 225, 9, 211, 180, 182, 146, 61, 234, 5, 95, 253, 11, 97, 180, 5, 175, 154, 68, 12, 32, 13, 184, 65, 12, 12, 211, 19, 13, 65, 194, 249, 104, 160, 11]"
23009,"[101, 241, 215, 135, 206, 206, 187, 113, 33, 87, 171, 58, 235, 114, 234, 5, 12, 12, 135, 73, 157, 33, 39, 109, 59, 237, 104, 68, 241, 225, 252, 100, 215, 244, 12, 5, 16, 165, 12, 237, 94, 165, 184, 33, 165, 237, 87, 237, 73, 33, 113, 87, 249, 235, 120, 87, 113, 113, 73, 87, 13, 44, 114, 21, 99, 244, 109, 87, 73, 237, 5, 16, 109, 109, 87, 157, 199, 233, 113, 73, 172, 100, 187, 13, 33, 113, 135, 237, 135, 172, 109, 241, 241, 213, 206, 172, 206, 97, 241, 60, 12, 172, 131, 12, 236, 110, 250, 208, 125, 229, 229, 30, 246, 250, 121, 117, 163, 236, 78, 5, 20, 59, 209, 160, 61, 208, 184, 9, 49, 251, 129, 131, 30, 246, 246, 147, 236, 163, 231, 121, 184, 20, 11, 163, 61, 153, 59, 8, 123, 244, 30, 229, 243, 125, 81, 123, 172, 243, 130, 160, 231, 233, 184, 13, 11, 100, 229, 192, 123, 110, 125, 93, 217, 117, 62, 22, 9, 95, 131, 157, 236, 193, 123, 142, 59, 193, 11, 229, 193, 123, 246, 229, 193, 11, 243, 49, 14, 33, 231, 193, 59, 193, 192, 218, 142, 59, 61, 95, 220, 153, 9, 222, 11, 59, 122, 191, 236, 66, 51, 125, 49, 100, 149, 208, 246, 232, 244, 236, 229, 231, 208, 179, 184, 100, 161, 120, 59, 30, 218, 246, 117, 109, 236, 15, 243, 123, 184, 213, 59, 12, 96, 59, 9, 5, 236, 125, 117, 208, 93, 123, 151, 213, 93, 59, 243, 131, 123, 184, 236, 73, 13, 120, 59, 110, 204, 61, 244, 191, 30, 109, 194, 22, 61, 131, 11, 13, 160, 9, 225, 160, 231, 93, 59, 180, 9, 16, 192, 93, 192, 93, 11, 194, 25, 117, 93, 100, 93, 217, 22, 241, 196, 161, 214, 236, 243, 142, 9, 193, 231, 243, 229, 132, 9, 41, 146, 120, 3, 131, 236, 110, 232, 73, 30, 163, 117, 191, 184, 99, 125, 93, 109, 231, 117, 110, 142, 11, 61, 49, 93, 46, 9, 9, 154, 231, 97, 196, 100, 179, 184, 13, 30, 161, 100, 125, 204, 70, 59, 96, 96, 13, 244, 116, 110, 95, 122, 244, 192, 62, 113, 184, 30, 30, 62, 131, 209, 70, 123, 178, 96, 146, 59, 134, 142, 234, 30, 49, 244, 49, 93, 9, 9, 131, 59, 192, 243, 161, 184, 123, 100, 125, 125, 192, 193, 9, 9, 125, 192, 208, 125, 30, 218, 179, 12, 13, 198, 161, 59, 65, 9, 57, 59, 12, 192, 193, 9, 5, 192, 125, 125, 76, 229, 14, 110, 125, 229, 192, 73, 192, 110, 33, 12, 172, 196, 125, 15, 110, 110, 30, 161, 236, 213, 149, 149]"
23010,"[105, 134, 160, 81, 22, 59, 198, 191, 231, 131, 225, 155, 134, 134, 253, 163, 213, 84]"
23011,"[96, 2, 70, 151, 13, 77, 129, 213, 213, 184, 70, 74, 243, 93, 59, 231, 123, 194, 120, 61, 213, 120, 209, 240, 233, 120, 160, 61, 61, 191, 184, 65, 143, 134, 58, 109, 58, 70, 194, 120, 12, 198, 191, 11, 35, 8, 231, 161, 213, 244, 191, 5, 20, 61, 120, 57, 95, 59, 8, 184, 11, 244, 96, 165, 13, 101, 184, 135, 244, 191, 209, 214, 70, 5, 146, 61, 196, 244, 135, 194, 184, 11, 109, 235, 109, 190, 39, 201, 162, 195, 118, 109, 96, 184, 184, 199, 120, 96, 58, 157, 184, 101, 244, 244, 244, 244, 244, 52, 184, 244, 206, 186, 244, 244, 184, 205, 198, 244, 244, 73, 73, 184, 9, 244, 206, 215, 244, 244, 176, 184, 244, 206, 206, 206, 244, 184, 52, 198, 237, 198, 244, 191, 184, 205, 198, 244, 198, 160, 236, 194, 20, 13, 160, 213, 13, 187, 176, 27, 162, 127, 80, 126, 126, 164, 201, 162, 127, 80, 126, 126, 164, 201, 162, 199, 96, 187, 96, 184, 33, 213, 11, 118, 235, 190, 164, 201, 38, 169, 135, 94, 209, 21, 184, 213, 0, 154, 141, 93, 65, 234, 209, 120, 104, 120, 231, 81, 88, 226, 120, 68, 109, 31, 240, 88, 32, 68, 109, 213, 109, 240, 110, 213, 68, 199, 213, 96, 88, 70, 209, 226, 214, 97, 146, 70, 70, 209, 120, 120, 231, 243, 65, 9, 93, 97, 161, 146, 213, 70, 70, 94, 120, 120, 214, 213, 240, 110, 97, 32, 120, 217, 117, 241, 88, 93, 61, 244, 191]"
23012,"[130, 155, 52, 46, 212, 229, 251, 13, 113, 20, 192, 212, 224, 160, 77, 210, 20, 192, 131, 134, 220, 220, 17, 218, 209, 95, 178, 209, 160, 5, 90, 177, 57, 95, 72, 29, 155, 123, 93, 57, 115, 78, 72, 218, 66, 253, 145, 114, 146, 58, 241, 179, 192, 133, 252, 216, 170, 65, 225, 108, 12, 141, 227, 58, 28, 60, 213, 125, 84, 130, 12, 65, 37, 220, 117, 2, 252, 224, 8, 155, 3, 29, 134, 158, 124, 65, 65, 192, 158, 217, 72, 29, 14, 166, 48, 191, 6, 19, 167, 51, 40, 224, 47, 125, 173, 29, 37, 142, 224, 72, 84, 146, 146, 65, 210, 97, 178, 214, 58, 23, 234, 5, 146, 3, 224, 185, 3, 225, 234, 115, 29, 212, 76, 178, 28, 113, 2, 212, 112, 96, 57, 225, 34, 59, 109, 192, 212, 112, 37, 22, 134, 133, 84, 192, 76, 166, 116, 130, 12, 58, 108, 13, 20, 40, 2, 209, 146, 2, 105, 8, 20, 92, 152, 130, 146, 2, 20, 40, 134, 146, 180, 96, 107, 225, 184, 77, 178, 212, 236, 253, 225, 5, 0, 152, 133]"
23013,"[128, 5, 13, 167, 125, 62, 93, 123, 221, 238, 30, 83, 131, 237, 241, 9, 74, 193, 30, 255, 251, 240, 81, 97, 48, 79, 182, 107, 113, 101, 31, 187, 109, 148, 251, 240, 142, 120, 30, 83, 207, 161, 33, 27, 162, 195, 80, 235, 199, 184, 233, 146, 217, 78, 63, 92, 81, 9, 67, 61, 251, 92, 243, 142, 116, 152, 6, 209, 11, 47, 233, 240, 207, 83, 251, 92, 147, 179, 234, 45, 83, 255, 83, 97, 4, 123, 207, 43, 83, 125, 125, 81, 51, 83, 238, 192, 229, 131, 88, 184, 209, 209, 30, 188, 131, 9, 241, 114, 114, 170, 58, 87, 52, 27, 107, 61, 147, 6, 96, 184, 184, 32, 143, 161, 209, 58, 65, 20, 32, 143, 120, 120, 209, 234, 9, 237, 96, 209, 209, 68, 176, 101, 107, 146, 213, 120, 104, 70, 20, 145, 109, 235, 174, 190, 164, 201, 162, 195, 190, 38, 63, 88, 194, 120, 236, 78, 149, 61]"
23015,"[32, 180, 108, 13, 40, 8, 57, 138, 174, 174, 190, 164, 201, 162, 127, 80, 126, 126, 164, 201, 162, 127, 80, 126, 126, 164, 201, 162, 127, 80, 126, 126, 164, 201, 162, 127, 80, 126, 126, 164, 201, 162, 127, 80, 126, 126, 164, 201, 162, 127, 80, 126, 126, 164, 201, 162, 127, 80, 126, 126, 164, 201, 162, 127, 80, 126, 126, 164, 201, 162, 127, 80, 126, 126]"
31001,"[167, 85, 154, 70, 22, 77, 149, 145, 117, 213, 91, 88, 93, 11, 67, 6, 146, 184, 7, 117, 93, 146, 177, 12, 70, 35, 74, 147, 43, 63, 32, 194, 81, 168, 11, 78, 78, 147, 241, 176, 74, 93, 213, 196, 130, 184, 234, 213, 61, 18, 6, 92, 110, 234, 231, 149, 145, 243, 43, 81, 35, 194, 231, 6, 120, 226, 194, 240, 243, 117, 78, 67, 178, 70, 110, 188, 168, 188, 247, 243, 110, 51, 67, 243, 62, 78, 78, 35, 218, 243, 18, 147, 229, 67, 8, 14, 168, 243, 63, 3, 125, 110, 14, 62, 125, 243, 78, 78, 110, 110, 243, 78, 243, 243, 193, 65, 70, 18, 188, 163, 147, 243, 128, 110, 78, 188, 83, 67, 93, 70, 142, 217, 243, 163, 62, 229, 35, 123, 145, 43, 43, 243, 243, 218, 179, 43, 18, 188, 131, 243, 250, 218, 193, 231, 243, 243, 117, 218, 16, 125, 193, 30, 208, 149, 218, 218, 125, 243, 243, 76, 168, 5, 123, 243, 243, 243, 243, 243, 110, 204, 59, 243, 193, 231, 43, 218, 14, 117, 12, 59, 243, 117, 218, 218, 93, 243, 117, 243, 208, 233, 9, 76, 243, 147, 243, 188, 110, 35, 76, 243, 243, 67, 224, 110, 218, 125, 229, 243, 208, 243, 110, 142, 231, 243, 62, 229, 145, 218, 8, 117, 117, 243, 243, 131, 194, 246, 78, 243, 243, 229, 117, 218, 218, 192, 243, 83, 145, 243, 179, 70, 131, 231, 168, 243, 43, 35, 155, 43, 243, 243, 243, 243, 156, 70, 131, 96, 213, 224, 243, 218, 250, 62, 243, 243, 147, 208, 110, 123, 78, 100, 67, 125, 125, 218, 218, 125, 243, 78, 78, 43, 22, 5, 231, 149, 229, 93, 11, 22, 194, 168, 6, 32, 68, 174, 176, 201, 162, 127, 80, 126, 126, 164, 201, 162, 127, 80, 126, 126, 164, 201, 162, 127, 80, 126, 126, 164, 201, 162, 127, 80, 126, 126, 164, 201, 162, 127, 80, 126, 126, 164, 201, 162, 127, 80, 126, 126, 164, 201, 162, 127, 80, 126, 126, 164, 201, 162, 127, 80, 126, 126, 164, 201, 162, 127, 80, 126, 126, 164, 201, 162, 127, 80, 126, 126, 164, 201, 162, 127, 80, 126, 126, 164, 201, 162, 127, 80, 126, 126, 164, 201, 162, 127, 80, 126, 126, 164, 201, 162, 127, 80, 126, 126, 164, 201, 162, 127, 80, 126, 126, 164, 201, 162, 127, 80, 126, 126, 164, 201, 162, 127, 80, 126, 126, 164, 201, 162, 127, 80, 126, 126, 164, 201, 162, 127, 80, 126, 126, 164, 201, 162, 127, 80, 126, 126, 164, 201, 162, 127, 80, 126, 126, 164, 201, 162, 127, 80, 126, 126, 164, 201, 162, 127, 80, 126, 126, 164, 201, 162, 127, 80, 126, 126, 164, 201, 162, 127, 80, 126, 126, 164, 201, 162, 127, 80, 126, 126, 164, 201, 162, 127, 80, 126, 126, 164, 201, 162, 127, 80, 126, 126, 164, 201, 162, 127, 80, 126, 126, 164, 201, 162, 127, 80, 126, 126, 164, 201, 162, 127, 80, 126, 126, 164, 201, 162, 127, 80, 126, 126, 164, 201, 162, 127, 80, 126, 126, 164, 201, 162, 127, 80, 126, 126, 164, 201, 162, 127, 80, 126, 126, 164, 201, 162, 127, 80, 126, 126, 164, 201, 162, 127, 80, 126, 126, 164, 201, 162, 127, 80, 126, 126, 164, 201, 162, 127, 80, 126, 126, 164, 201, 162, 127, 80, 126, 126, 164, 201, 162, 127, 80, 126, 126, 164, 201, 162, 127, 80, 126, 126, 164, 201, 162, 127, 80, 126, 126, 164, 201, 162, 172, 152, 147, 117, 51, 14, 183, 117, 147, 26, 145, 240, 218, 83, 188, 251, 11, 188, 51, 14, 83, 188, 163, 132, 209, 91, 51, 117, 145, 11, 132, 117, 5, 184, 56, 145, 117, 117, 64, 123, 179, 213, 147, 145, 92, 188, 156, 241, 163, 97, 47, 147, 154, 81, 246, 154, 83, 154, 145, 147, 123, 35, 64, 255, 147, 132, 209, 240, 221, 97, 117, 154, 92, 147, 240, 81, 150, 213, 43, 161, 11, 81, 51, 208, 117, 145, 145, 145, 35, 116, 188, 63, 209, 30, 196, 14, 81, 75, 147, 154, 47, 196, 35, 35, 213, 147, 47, 47, 97, 35, 35, 213, 83, 85, 147, 85, 81, 88, 147, 26, 97, 255, 147, 88, 35, 236, 154, 26, 154, 147, 35, 25, 83, 145, 146, 236, 196, 234, 184, 0, 161, 214, 160, 226, 20, 35, 78, 63, 214, 89, 94, 81, 35, 196, 147, 145, 213, 147, 70, 81, 169, 209, 213, 83, 147, 35, 51, 102, 147, 64, 47, 196, 35, 70, 182, 209, 30, 47, 196, 184, 240, 43, 43, 49, 83, 85, 35, 35, 83, 145, 145, 147, 147, 81, 81, 26, 83, 145, 251, 213, 65, 70, 92, 102, 147, 145, 163]"
31002,"[208, 143, 194, 234, 104, 243, 67, 93, 209, 241, 88, 12, 32, 177, 68, 168, 22, 65, 11, 243, 18, 168, 149, 22, 194, 236, 78, 112, 59, 132, 240, 88, 192, 75, 112, 92, 132, 9, 218, 43, 145, 229, 117, 67, 4, 194, 115, 67, 67, 43, 168, 128, 123, 62, 18, 117, 43, 168, 218, 8, 29, 255, 147, 83, 6, 225, 99, 121, 149, 145, 78, 67, 218, 250, 67, 78, 78, 78, 67, 218, 218, 228, 168, 62, 62, 78, 14, 218, 228, 78, 163, 217, 62, 250, 218, 62, 149, 125, 208, 67, 175, 218, 243, 6, 59, 43, 243, 250, 16, 231, 62, 208, 228, 115, 142, 91, 76, 62, 44, 167, 18, 113, 233, 87, 148, 228, 192, 153, 1, 41, 19, 216, 76, 208, 200, 241, 113, 168, 129, 217, 208, 132, 123, 16, 76, 125, 208, 78, 208, 218, 16, 131, 220, 43, 125, 208, 218, 131, 217, 208, 125, 49, 188, 142, 5, 153, 109, 118, 100, 243, 110, 218, 109, 115, 19, 19, 248, 110, 128, 180, 159, 243, 243, 122, 91, 41, 249, 76, 62, 122, 135, 110, 142, 231, 62, 43, 243, 228, 99, 110, 173, 131, 192, 216, 157, 7, 8, 243, 85, 43, 125, 62, 234, 41, 12, 165, 249, 200, 249, 16, 250, 228, 74, 193, 248, 193, 81, 128, 29, 243, 231, 208, 132, 5, 240, 243, 131, 30, 243, 131, 33, 52, 106, 189, 223, 190, 190, 176, 21, 38, 149, 97, 153, 168, 16, 123, 147, 62, 229, 62, 229, 110, 16, 43, 26, 229, 18, 18, 16, 151, 30, 168, 169, 192, 78, 22, 225, 59, 78, 78, 78, 78, 250, 51, 188, 78, 78, 18, 62, 110, 250, 93, 172, 62, 78, 243, 250, 128, 131, 229, 228, 118, 74, 250, 142, 19, 67, 67, 193, 217, 250, 250, 62, 67, 26, 115, 18, 250, 41, 217, 18, 62, 78, 78, 142, 21, 115, 208, 169, 172, 193, 7, 142, 217, 67, 229, 78, 18, 22, 240, 82, 58, 74, 228, 187, 41, 113, 94, 193, 118, 171, 248, 22, 33, 177, 76, 6, 177, 77, 110, 234, 104, 67, 193, 92, 62, 110, 166, 102, 78, 115, 78, 62, 25, 14, 133, 146, 92, 243, 67, 142, 167, 117, 63, 11, 24, 67, 218, 16, 168, 67, 196, 168, 18, 128, 218, 67, 168, 193, 3, 243, 128, 128, 125, 145, 93, 15, 18, 128, 16, 78, 104, 243, 121, 78, 250, 142, 187, 168, 78, 62, 18, 250, 14, 125, 145, 228, 217, 62, 18, 250, 208, 117, 161, 206, 191, 250, 142, 61, 115, 87, 193, 117, 66, 128, 131, 213, 131, 114, 12, 7, 110, 76, 112, 12, 74, 18, 142, 65, 95, 117, 125, 62, 196, 250, 142, 167, 18, 208, 49, 62, 142, 91, 243, 62, 43, 243, 193, 194, 218, 125, 243, 82, 217, 247, 14, 153, 12, 62, 15, 229, 62, 218, 110, 72, 197, 18, 62, 188, 218, 222, 30, 18, 243, 62, 188, 246, 250, 208, 62, 76, 76, 76, 110, 204, 192, 76, 18, 125, 83, 250, 110, 121, 192, 229, 43, 125, 16, 250, 243, 62, 149, 18, 193, 7, 142, 231, 243, 243, 93, 100, 110, 5, 59, 243, 243, 120, 31, 33, 113, 244, 206, 203, 144, 215, 240, 250, 242, 160, 12, 12, 100, 194, 113, 187, 191, 109, 54, 120, 33, 52, 120, 76, 193, 187, 74, 250, 33, 57, 11, 196, 74, 63, 123, 99, 249, 100, 243, 104, 73, 33, 41, 124, 182, 171, 114, 211, 5, 1, 100, 187, 68, 100, 18, 225, 234, 74, 132, 61, 104, 59, 8, 175, 191, 191, 135, 206, 187, 41, 101, 104, 191, 196, 93, 12, 181, 7, 54, 104, 132, 157, 120, 181, 41, 133, 252, 131, 171, 115, 142, 241, 11, 135, 135, 31, 114, 7, 110, 132, 104, 148, 193, 109, 91, 166, 187, 104, 11, 153, 187, 36, 142, 182, 187, 187, 182, 115, 28, 21, 115, 135, 189, 172, 6, 234, 241, 96, 135, 124, 120, 172, 232, 7, 196, 135, 206, 114, 96, 241, 225, 165, 132, 206, 58, 58, 60, 234, 120, 104, 117, 120, 74, 110, 234, 118, 54, 193, 200, 115, 41, 234, 187, 191, 104, 12, 32, 234, 21, 31, 187, 104, 12, 191, 241, 88, 100, 132, 209, 114, 115, 234, 234, 114, 61, 135, 135, 11, 33, 41, 54, 187, 168, 114, 182, 234, 234, 187, 114, 115, 31, 177, 234, 99, 154, 214, 11, 11, 200, 225, 5, 12, 191, 69, 157, 58, 41, 41, 13, 96, 182, 74, 132]"
31003,"[51, 51, 83, 64, 163, 192, 208, 16, 7, 220, 76, 153, 42, 228, 113, 16, 220, 19, 153, 77, 216, 113, 221, 208, 168, 76, 43, 220, 16, 5, 249, 165, 12, 165, 242, 5, 16, 137, 228, 19, 165, 76, 16, 16, 167, 125, 188, 82, 111, 176, 27, 162, 162, 174, 10, 108, 8, 113, 200, 211, 83, 6, 231, 88, 128, 125, 168, 243, 67, 149, 218, 5, 180, 231, 82, 115, 161, 70, 25, 102, 213, 243, 145, 145, 250, 14, 102, 168, 247, 145, 78, 110, 246, 183, 147, 67, 76, 188, 14, 35, 147, 15, 154, 154, 15, 88, 25, 183, 78, 18, 18, 62, 35, 246, 168, 243, 183, 183, 78, 246, 88, 208, 147, 125, 125, 85, 35, 241, 132, 32, 11, 171, 78, 25, 110, 147, 18, 78, 168, 62, 250, 250, 168, 196, 117, 78, 83, 35, 110, 154, 117, 169, 191, 117, 88, 218, 188, 117, 97, 217, 117, 35, 234, 115, 78, 147, 147, 229, 14, 204, 92, 147, 163, 11, 117, 88, 70, 93, 92, 243, 117, 63, 70, 35, 229, 229, 117, 229, 117, 35, 179, 115, 229, 147, 145, 97, 81, 22, 217, 93, 191, 145, 154, 88, 81, 147, 229, 78, 163, 147, 88, 35, 43, 78, 117, 145, 196, 35, 35, 30, 78, 78, 62, 208, 204, 70, 207, 196, 115, 243, 15, 250, 14, 117, 18, 78, 15, 168, 110, 14, 64, 168, 149, 117, 147, 246, 35, 147, 208, 117, 26, 43, 179, 70, 11, 163, 191, 120, 174, 39, 201, 162, 127, 80, 126, 219, 39, 201, 162, 189, 74, 125, 125, 51, 51, 188, 62, 76, 131, 152, 21, 176, 118, 98, 200, 249, 165, 176, 27, 200, 182, 165, 10, 12, 27, 101, 108, 34, 249, 87, 182, 113, 66, 224, 12, 48, 174, 111, 1, 27, 162, 127, 80, 190, 190, 39, 91, 188, 247, 139, 148, 43, 233, 21, 48, 217, 62, 208, 139, 1, 101, 162, 98, 111, 242, 180, 113, 1, 216, 165, 96, 235, 174, 164, 201, 162, 127]"
31004,"[203, 254, 164, 201, 162, 127, 80, 126, 126, 164, 201, 162, 127, 80, 126, 126, 164, 201, 162, 127, 80, 126, 126, 164, 201, 162, 127, 80, 126, 126, 164, 201, 162, 127, 80, 126, 126, 164, 201, 162, 127, 80, 126, 126, 164, 201, 162, 127, 80, 126, 126, 164, 201, 162, 127, 80, 126, 126, 164, 201, 162, 127, 80, 126, 126, 164, 201, 162, 127, 80, 126, 126, 164, 201, 162, 127, 80, 126, 126, 164, 201, 162, 127, 80, 126, 126, 164, 201, 162, 127, 80, 126, 126, 164, 201, 162, 127, 80, 126, 126, 164, 201, 162, 127, 80, 126, 126, 164, 201, 162, 127, 80, 126, 126, 164, 201, 162, 127, 80, 126, 126, 164, 201, 162, 127, 80, 126, 126, 164, 201, 162, 127, 80, 126, 126, 164, 201, 162, 127, 80, 126, 126, 164, 201, 162, 127, 80, 126, 126, 164, 201, 162, 127, 80, 126, 126, 164, 201, 162, 127, 80, 126, 126, 164, 201, 162, 127, 80, 126, 126, 164, 201, 38, 64, 163, 61, 229, 110, 123, 62, 117, 243, 196, 15, 14, 9, 75, 55, 149, 117, 62, 117, 222, 30, 15, 154, 231, 15, 88, 70, 160, 193, 213, 76, 6, 20, 20, 12, 198, 183, 157, 160, 184, 20, 236, 161, 160, 11, 236, 81, 88, 15, 147, 13, 236, 102, 70, 9, 249, 192, 131, 236, 153, 70, 110, 224, 29, 213, 100, 83, 218, 123, 95, 243, 140, 208, 243, 175, 9, 243, 15, 147, 15, 125, 179, 240, 59, 196, 213, 134, 243, 110, 110, 76, 117, 236, 236, 208, 110, 16, 61, 100, 18, 208, 117, 123, 142, 61, 243, 62, 18, 158, 20, 9, 183, 243, 6, 231, 18, 14, 35, 243, 243, 208, 15, 208, 110, 99, 229, 243, 243, 78, 102, 218, 110, 243, 243, 153, 49, 117, 218, 218, 125, 229, 238, 231, 243, 110, 35, 188, 18, 78, 15, 168, 5, 70, 15, 117, 229, 193, 30, 16, 110, 76, 229, 15, 229, 243, 218, 110, 125, 196, 196, 229, 62, 16, 66, 229, 229, 62, 117, 183, 35, 222, 61, 160, 213, 229, 172, 81, 35, 236, 18, 15, 154, 117, 25, 142, 231, 97, 119, 163, 102, 35, 70, 59, 252, 255, 243, 147, 51, 246, 243, 72, 140, 15, 75, 4, 70, 188, 18, 197, 24, 145, 128, 17, 62, 140, 18, 18, 168, 246, 179, 100, 97, 168, 196, 168, 204, 88, 213, 255, 15, 78, 6, 70, 40, 252, 168, 145, 154, 43, 88, 25, 154, 154, 247, 154, 97, 25, 140, 67, 243, 145, 78, 147, 250, 81, 67, 140, 229, 168, 197, 35, 70, 131, 231, 62, 78, 67, 22, 9, 97, 55, 243, 243, 132, 81, 88, 93, 97, 29, 97, 147, 35, 151, 11, 117, 15, 243, 15, 35, 35, 93, 61, 255, 97, 137, 35, 88, 193, 32, 236, 24, 193, 9, 123, 63, 231, 169, 146, 213, 218, 22, 231, 112, 213, 243, 147, 240, 110, 130, 231, 62, 130, 213, 35, 218, 121, 147, 208, 117, 117, 35, 246, 140, 160, 100, 15, 163]"
31005,"[203, 190, 126, 126, 164, 201, 162, 127, 80, 126, 126, 164, 201, 162, 127, 80, 126, 126, 164, 201, 162, 127, 80, 126, 126, 164, 201, 162, 127, 80, 126, 126, 164, 201, 162, 127, 80, 126, 126, 164, 201, 162, 127, 80, 126, 126, 164, 201, 162, 127, 80, 126, 126, 164, 201, 162, 127, 80, 126, 126, 164, 201, 162, 127, 80, 126, 126, 164, 201, 162, 127, 80, 126, 126, 164, 201, 162, 127, 80, 126, 126, 164, 201, 162, 127, 80, 126, 126, 164, 201, 162, 127, 80, 126, 126, 164, 201, 162, 127, 80, 126, 126, 164, 201, 162, 127, 80, 126, 126, 164, 201, 162, 127, 80, 126, 126, 164, 201, 162, 127, 80, 126, 126, 164, 201, 162, 127, 80, 126, 126, 164, 201, 162, 127, 80, 126, 126, 164, 201, 162, 127, 80, 126, 126, 164, 201, 162, 127, 80, 254, 38, 51, 35, 2, 95, 146, 170, 146, 181, 101, 71, 213, 235, 135, 46, 123, 155, 12, 180, 19, 13, 13, 101, 194, 57, 213, 237, 107, 12, 5, 70, 57, 12, 187, 87, 13, 52, 33, 165, 135, 135, 213, 171, 184, 8, 84, 104, 134, 57, 198, 184, 70, 57, 57, 19, 12, 134, 155, 123, 134, 198, 244, 134, 57, 5, 155, 59, 224, 165, 12, 57, 8, 8, 224, 57, 106, 94, 87, 181, 20, 57, 180, 57, 76, 12, 155, 5, 224, 68, 165, 165, 157, 225, 8, 57, 187, 191, 165, 244, 205, 123, 13, 157, 46, 212, 180, 5, 155, 157, 12, 13, 165, 165, 5, 5, 57, 57, 109, 87, 244, 1, 176, 162, 195, 80, 126, 126, 164, 201, 162, 127, 80, 126, 126, 164, 201, 162, 127, 80, 126, 126, 164, 201, 162, 127, 80, 126, 126, 164, 201, 162, 127, 80, 126, 126, 164, 201, 162, 127, 80, 126, 126, 164, 201, 162, 127, 80, 126, 126, 164, 201, 162, 127, 80, 126, 126, 164, 201, 162, 127, 80, 126, 126, 164, 201, 162, 127, 80, 126, 126, 164, 27, 109, 187, 107, 235, 206, 181, 184, 249, 213, 237, 170, 96, 181, 70, 135, 120, 244, 135, 213, 33, 21, 10, 213, 73, 44, 226, 184, 88, 96]"
31007,"[247, 147, 85, 169, 65, 70, 92, 247, 247, 43, 45, 51, 51, 64, 247, 154, 24, 161, 176, 176, 38, 188, 188, 64, 247, 88, 51, 188, 247, 247, 247, 15, 246, 222, 38, 188, 64, 188, 188, 14, 51, 247, 247, 247, 147, 79, 176, 27, 162, 127, 80, 126, 126, 164, 201, 162, 127, 80, 126, 126, 164, 201, 162, 127, 80, 126, 126, 164, 201, 162, 127, 80, 126, 126, 164, 201, 162, 127, 80, 126, 126, 164, 201, 162, 127, 80, 126, 126, 164, 201, 162, 127, 80, 126, 126, 164, 201, 162, 195, 174, 86, 118, 21, 27, 162, 195, 137, 247, 83, 246, 204, 30, 247, 154, 85, 188, 81, 81, 247, 139, 186, 190, 190, 164, 201, 162, 195, 137, 247, 64, 88, 51, 247, 188, 183, 64, 150, 88, 51, 83, 247, 183, 154, 64, 246, 25, 196, 247, 247, 154, 64, 204, 70, 230, 174, 223, 80, 126, 164, 201, 162, 127, 80, 126, 126, 164, 201, 162, 127, 80, 126, 126, 164, 201, 162, 127, 80, 126, 126, 164, 201, 162, 127, 80, 126, 126, 164, 201, 162, 195, 111, 190, 190, 1, 176, 162, 144, 111, 111, 111, 1, 27, 98, 98, 144, 42, 139, 101, 176, 137, 139, 111, 42, 247, 222, 21, 144, 42, 247, 102, 102, 246, 246, 183, 183, 102, 147, 132, 156, 181, 148, 102, 64, 147, 247, 222, 27, 38, 85, 161, 235, 42, 222, 36, 139, 137, 247, 247, 102, 222, 52, 137, 247, 247, 24, 136, 246, 222, 38, 139, 38, 188, 247, 246, 246, 64, 247, 183, 94, 183, 25, 81, 83, 183, 102, 247, 183, 246, 151, 213, 172, 247, 119, 139, 36, 204, 118, 42, 24, 42, 247, 222, 36, 247, 64, 119, 154, 247, 233, 222, 213, 208, 102, 147, 83, 25, 25, 117, 247, 102, 64, 183, 35, 25, 220, 208, 102, 137, 247, 246, 246, 247, 42, 247, 188, 247, 222, 101, 186, 42, 247, 247, 188, 222, 36, 139, 42, 247, 139, 111, 36, 246, 247, 122, 42, 247, 247, 222, 176, 42, 247, 139, 186, 118, 39, 27, 56, 188, 247, 83, 188, 51, 222, 188, 247, 64, 247, 154, 246, 246, 64, 154, 247, 85, 161, 21, 27, 162, 195, 223, 38, 69, 21, 27, 107, 96, 235, 107, 118, 91, 156, 174, 189, 38, 69, 186, 39, 201, 162, 38, 139, 199, 96, 176, 27, 162, 172, 247, 150, 96, 1, 27, 137, 247, 119, 247, 64, 88, 25, 247, 106, 38, 247, 139, 101, 21, 144, 137, 247, 139, 167, 246, 222, 38, 247, 188, 247, 139, 91, 51, 64, 247, 15, 24, 42, 156, 21, 98, 86, 235, 137, 247, 204, 240, 24, 86, 137, 139, 189, 21, 176, 162, 195, 174, 86, 172, 222, 27, 106, 118, 186, 174, 42, 222, 184, 217, 139, 186, 186, 254, 99, 222, 89, 38, 188, 139, 186, 36, 246, 154, 247, 64, 154, 226, 35, 14, 83, 82]"
31008,"[203, 39, 201, 162, 127, 80, 190, 190, 39, 181, 237, 135, 135, 31, 154, 241, 52, 235, 174, 170, 56, 69, 241, 241, 191, 189, 203, 230, 171, 241, 101, 144, 186, 171, 170, 174, 176, 201, 162, 127, 223, 174, 135, 241, 21, 144, 86, 174, 107, 94, 28, 176, 31, 195, 144, 94, 206, 135]"
31009,"[246, 14, 198, 132, 109, 97, 183, 205, 123, 24, 191, 122, 106, 244, 204, 90, 109, 100, 75, 159, 132, 123, 250, 131, 120, 214, 236, 93, 70, 184, 74, 72, 59, 120, 11, 222, 194, 68, 213, 61, 32, 212, 234, 33, 117, 63, 29, 29, 229, 194, 110, 147, 12, 249, 32, 212, 113, 113, 96, 213, 122, 236, 163, 5, 194, 236, 15, 78, 125, 178, 123, 246, 125, 220, 125, 125, 76, 175, 250, 149, 125, 192, 76, 208, 128, 50, 46, 236, 243, 125, 121, 128, 210, 231, 216, 59, 76, 149, 175, 113, 165, 93, 180, 224, 18, 16, 179, 95, 216, 165, 146, 57, 155, 175, 59, 231, 76, 59, 125, 218, 218, 216, 104, 59, 76, 132, 113, 175, 76, 76, 216, 68, 57, 194, 218, 76, 76, 131, 95, 243, 66, 123, 59, 180, 94, 220, 153, 194, 5, 224, 243, 76, 78, 57, 5, 8, 76, 229, 243, 76, 76, 155, 25, 76, 178, 192, 165, 165, 16, 155, 243, 178, 59, 12, 95, 66, 179, 220, 212, 18, 45, 18, 155, 91, 76, 216, 192, 207, 220, 233, 250, 149, 57, 208, 49, 139, 21, 5, 76, 76, 216, 249, 249, 181, 35, 134, 29, 100, 145, 255, 113, 166, 12, 19, 87, 248, 197, 194, 113, 170, 198, 191, 104, 235, 176, 27, 189, 44, 143, 216, 209, 234, 123, 192, 183, 197, 55, 102, 123, 35, 131, 74, 76, 132, 87, 25, 142, 32, 0, 18, 76, 249, 241, 5, 76, 196, 178, 102, 62, 16, 25, 77, 45, 154, 152, 243, 175, 17, 220, 229, 78, 249, 192, 16, 233, 12, 220, 75, 85, 150, 60, 181, 59, 45, 76, 15, 150, 194, 241, 64, 49, 49, 84, 121, 218, 66, 152, 55, 173, 55, 18, 175, 210, 23, 192, 153, 217, 78, 16, 233, 159, 76, 76, 18, 120, 8, 16, 163, 26, 49, 15, 78, 113, 99, 152, 125, 42, 132, 135, 218, 221, 228, 203, 157, 160, 32, 123, 166, 12, 109, 157, 244, 61, 81, 66, 163, 49, 132, 133, 212, 123, 233, 57, 62, 132, 255, 64, 166, 156, 170, 255, 163, 173, 197]"
31010,"[230, 198, 20, 20, 198, 198, 198, 198, 198, 20, 20, 253, 198, 198, 253, 253, 184, 28, 52, 2, 252, 2, 29, 90, 90, 98, 195, 80, 126, 126, 164, 201, 162, 127, 80, 126, 126, 164, 201, 162, 127, 80, 126, 126, 164, 201, 162, 127, 190, 144, 215, 20, 184, 98]"
31011,"[83, 62, 62, 132, 241, 14, 217, 139, 171, 132, 163, 14, 101, 135, 247, 163, 163, 24, 51, 179, 167, 247, 24, 171, 171, 221, 156, 38, 247, 247, 119, 247, 51, 156, 172, 247, 139, 135, 171, 27, 101, 217, 247, 78, 115, 247, 222, 21, 217, 147, 150, 12, 118, 60, 179, 87, 42, 24, 148, 188, 222, 14, 196, 64, 47, 244, 148, 142, 60, 44, 244, 47, 141, 169, 7, 179, 217, 64, 69, 42, 238, 103, 51, 188, 83, 102, 227, 30, 246, 51, 216, 73, 106, 186, 30, 221, 81, 220, 163, 196, 183, 64, 156, 176, 106, 186, 215, 136, 102, 21, 65, 118, 189, 174, 144, 157, 21, 101, 118, 118, 174, 186, 144, 1, 101, 199, 160, 96, 235, 111, 88, 52, 106, 195, 80, 80, 126, 164, 103, 188, 188, 188, 229, 247, 25, 116, 85, 139, 118, 118, 136, 25, 128, 131, 48, 0, 196, 130, 184, 27, 98, 195, 80, 126, 126, 164, 201, 162, 127, 80, 126, 126, 164, 201, 162, 195, 174, 107, 30, 51, 81, 251, 92, 83, 95, 163, 184, 184, 148, 83, 43, 43, 43, 218, 233, 248, 161, 217, 117, 147, 204, 240, 63, 96, 96, 174, 79, 21, 184, 98, 199, 96, 96, 174, 176, 176, 162, 199, 96, 174, 190, 164, 27, 199, 11, 174, 174, 80]"
31012,"[203, 39, 201, 162, 189, 77, 84, 183, 128, 110, 231, 72, 134, 34, 62, 128, 8, 134, 224, 231, 76, 72, 8, 8, 129, 224, 59, 134, 149, 8, 142, 59, 224, 236, 243, 93, 155, 218, 134, 62, 243, 18, 243, 110, 22, 134, 168, 149, 62, 67, 8, 5, 231, 243, 18, 208, 117, 240, 110, 93, 231, 125, 117, 75, 88, 4, 97, 213, 161, 61, 59, 8, 123, 59, 100, 149, 59, 125, 22, 194, 231, 243, 168, 231, 149, 50, 218, 67, 224, 149, 59, 76, 218, 35, 231, 168, 59, 93, 18, 250, 218, 143, 18, 243, 93, 30, 123, 8, 224, 149, 243, 168, 143, 123, 179, 231, 149, 18, 224, 149, 76, 14, 18, 149, 57, 231, 168, 50, 175, 61, 93, 143, 224, 84, 14, 218, 30, 168, 18, 153, 11, 110, 194, 231, 18, 145, 125, 125, 175, 194, 236, 78, 229, 67, 59, 8, 8, 125, 168, 243, 117, 97, 22, 123, 149, 224, 149, 59, 143, 8, 8, 59, 72, 224, 149, 59, 8, 8, 72, 224, 178, 95, 97, 8, 20, 231, 72, 224, 18, 149, 194, 184, 3, 134, 178, 191, 168, 250, 22, 134, 168, 117, 11]"
31013,"[48, 146, 214, 58, 241, 181, 46, 58, 214, 108, 12, 184, 65, 209, 146, 97, 97, 146, 88, 70, 214, 214, 157, 209, 96, 21, 65, 96, 209, 213, 227, 214, 70, 60, 214, 213, 146, 96, 199, 181, 20, 209, 118, 146, 214, 213, 70, 70, 92, 97, 70, 214, 214, 184, 65, 209, 58, 214, 214, 13, 181, 5, 12, 226, 214, 146, 226, 20, 5, 12, 146, 182, 114, 13, 225, 234, 94, 131, 226, 146, 214, 184, 70, 214, 180, 12, 23, 146, 184, 234, 213, 58, 170, 170, 177, 65, 234, 12, 169, 32, 209, 32, 210, 5, 12, 209, 177, 134, 93, 5, 184, 209, 214, 214, 226, 165, 184, 184, 89, 191, 58, 114, 177, 155, 241, 89, 58, 58, 214, 214, 70, 65, 214, 58, 170, 58, 171, 241, 241, 89, 170, 58, 30, 102, 241, 241, 94, 89, 171, 58, 191, 5, 65, 11, 117, 145, 169, 58, 70, 70, 102, 96, 58, 89, 209, 181, 241, 214, 58, 94, 58, 214, 88, 225, 209, 115, 84, 134, 87]"
31014,"[215, 73, 101, 240, 139, 157, 244, 73, 73, 184, 184, 244, 206, 136, 122, 73, 184, 101, 244, 73, 73, 206, 73, 176, 52, 244, 111, 73, 237, 48, 184, 9, 172, 249, 48, 73, 73, 184, 52, 244, 73, 244, 73, 157, 184, 103, 73, 206, 73, 73, 73, 176, 52, 73, 206, 206, 206, 73, 21, 113, 13, 170, 96, 11, 60, 181, 20, 87, 226, 96, 58, 214, 241, 123, 171, 94, 135, 135, 58, 184, 101, 73, 170, 213, 206, 114, 184, 101, 106, 200, 31, 104, 244, 241, 5, 95, 215, 170, 244, 73, 52, 184, 244, 249, 191, 206, 206, 205, 60, 11, 46, 104, 31, 104, 241, 205, 198, 170, 61, 157, 157, 52, 205, 11, 71, 213, 206, 202, 88, 155, 11, 95, 135, 170, 244, 113, 241, 245, 189, 215, 202, 213, 33, 5, 206, 186, 202, 58, 253, 184, 20, 13, 170, 215, 202, 58, 184, 123, 249, 242, 32, 13, 213]"
31016,"[48, 234, 225, 12, 19, 89, 114, 114, 184, 184, 38, 228, 118, 114, 79, 234, 175, 46, 180, 19, 226, 95, 225, 65, 32, 13, 107, 118, 177, 184, 20, 214, 58, 89, 58, 214, 241, 184, 230, 244, 198, 244, 215, 9, 9, 244, 73, 198, 73, 206, 52, 184, 237, 86, 186, 206, 244, 184, 9, 244, 206, 244, 237, 107, 20, 9, 244, 73, 73, 30, 161, 184, 52, 244, 206, 235, 186, 157, 184, 52, 237, 157, 244, 244, 244, 9, 184, 244, 157, 30, 238, 160, 184, 184, 146, 209, 13, 160, 32, 20, 20, 120, 12, 96, 172, 238, 205, 184, 13, 160, 92, 131, 61, 155, 9, 236, 244, 96, 13, 89]"
41001,"[7, 233, 85, 43, 43, 43, 83, 66, 51, 85, 153, 85, 83, 83, 14, 65, 192, 153, 12, 192, 6, 155, 240, 238, 172, 64, 228, 208, 51, 142, 0, 169, 199, 12, 168, 123, 222, 192, 43, 131, 115, 125, 218, 142, 77, 121, 208, 45, 131, 184, 123, 152, 82, 77, 6, 74, 51, 16, 207, 62, 121, 15, 67, 4, 37, 67, 208, 117, 208, 45, 4, 241, 119, 163, 132, 77, 243, 66, 232, 74, 243, 83, 243, 67, 51, 14, 208, 55, 83, 26, 208, 142, 5, 160, 236, 183, 145, 78, 51, 246, 55, 227, 115, 55, 131, 123, 16, 119, 208, 207, 45, 43, 218, 246, 229, 147, 208, 150, 192, 221, 221, 55, 253, 207, 64, 152, 4, 116, 208, 208, 45, 208, 208, 246, 233, 208, 208, 208, 208, 43, 218, 246, 45, 208, 208, 208, 15, 233, 233, 208, 131, 19, 167, 220, 218, 66, 216, 61, 72, 34, 43, 218, 222, 12, 12, 217, 208, 243, 208, 250, 76, 84, 229, 247, 220, 51, 40, 34, 228, 12, 89, 217, 218, 175, 131, 100, 125, 208, 6, 123, 233, 188, 208, 216, 15, 62, 218, 81, 152, 43, 55, 76, 183, 246, 233, 45, 125, 49, 229, 228, 123, 66, 178, 192, 243, 143, 84, 110, 246, 169, 192, 62, 208, 43, 218, 51, 49, 85, 72, 134, 43, 110, 175, 192, 15, 62, 117, 229, 110, 123, 150, 217, 243, 149, 229, 16, 246, 45, 208, 228, 231, 147, 123, 232, 87, 217, 229, 62, 208, 110, 142, 248, 145, 208, 78, 18, 14, 14, 119, 78, 15, 119, 145, 35, 81, 229, 76, 15, 152, 196, 246, 14, 64, 78, 117, 168, 208, 51, 14, 58, 207, 196, 24, 78, 110, 66, 131, 172, 168, 208, 183, 66, 14, 188, 188, 132, 30, 196, 16, 222, 167, 147, 64, 78, 62, 51, 14, 188, 62, 196, 163, 78, 25, 16, 43, 188, 145, 228, 62, 14, 151, 58, 0, 85, 78, 67, 156, 241, 0, 150, 11, 145, 130, 65, 194, 84, 196, 30, 24, 208, 14, 51, 208, 45, 188, 67, 125, 218, 175, 207, 24, 196, 82, 167, 51, 14, 56, 247, 24, 63, 217, 88, 210, 161, 0, 117, 216, 135, 70, 210, 117, 45, 30, 153, 0, 218, 142, 87, 85, 161, 217, 43, 51, 66, 147, 43, 72, 125, 152, 233, 51, 85, 208, 208, 208, 125, 179, 91, 168, 192, 196, 45, 49, 66, 81, 49, 0, 131, 248, 85, 14, 14, 247, 228, 217, 188, 78, 110, 113, 136, 43, 43, 153, 150, 123, 51, 45, 85, 238, 167, 24, 51, 233, 150, 97, 229, 78, 216, 233, 221, 45, 208, 154, 95, 229, 250, 233, 131, 192, 6, 134, 67, 218, 51, 85, 45, 62, 125, 43, 233, 240, 188, 76, 76, 76, 125, 221, 222, 45, 45, 49, 84, 76, 233, 36, 243, 125, 193, 192, 208, 66, 246, 76, 76, 84, 217, 216, 91, 110, 125, 125, 125, 208, 188, 233, 123, 64, 45, 216, 30, 208, 250, 142, 192, 188, 83, 125, 208, 246, 233, 152, 83, 49, 196, 220, 110, 123, 49, 125, 131, 13, 192, 218, 233, 192, 85, 49, 125, 122, 9, 16, 228, 13, 26, 196, 125, 110, 218, 125, 95, 208, 229, 64, 66, 233, 117, 208, 153, 87, 249, 33, 113, 109, 87, 87, 87, 31, 113, 21, 10, 57, 165, 87, 87, 70, 1, 144, 135, 249, 87, 48, 5, 5, 12, 10, 12, 57, 106, 113, 241, 215, 237, 170, 87, 249, 194, 113, 206, 12, 165, 165, 165, 113, 113, 165, 109, 215, 106, 165, 113, 113, 87, 206, 87, 182, 87, 113, 101, 31, 165, 111, 237, 206, 241, 101, 249, 191, 94, 215, 191, 176, 113, 87, 186, 87, 135, 106, 52, 113, 165, 87, 79, 87, 138, 101, 27, 106, 203, 111, 215, 170, 21, 1, 165, 12, 87, 230, 171, 27, 52, 114, 203, 71, 87, 203, 1, 113, 111, 106, 202, 198, 71, 27, 39, 87, 171, 235, 171, 135, 176, 101, 237, 203, 230, 187, 94, 234, 101, 87, 186, 230, 189, 174, 176, 52, 171, 106, 106, 230, 200, 1, 233, 87, 98, 171, 106, 170, 27, 233, 13, 171, 165, 107, 87, 234, 113, 87, 107, 182, 249, 170, 5, 123, 106, 106, 171, 71, 203, 27, 205, 202, 157, 202, 106, 87, 1, 113, 171, 203, 87, 203, 171, 113, 101, 171, 19, 12, 171, 79, 113, 27, 106, 171, 235, 87, 203, 113, 60, 79, 165, 87, 107, 107, 241, 113, 106, 165, 114, 106, 230, 27, 241, 215, 171, 106, 71, 114, 175, 5, 12, 87, 107, 87, 107, 113, 101, 215, 106, 106, 230, 170]"
41002,"[49, 43, 125, 224, 5, 241, 192, 178, 212, 29, 197, 142, 28, 92, 55, 125, 76, 134, 240, 142, 209, 180, 252, 243, 30, 22, 234, 87, 13, 252, 72, 212, 218, 151, 2, 252, 92, 6, 146, 123, 233, 12, 12, 95, 158, 212, 5, 5, 165, 12, 180, 57, 13, 8, 5, 13, 95, 72, 178, 95, 110, 205, 48, 215, 48, 141, 72, 175, 65, 165, 96, 12, 252, 192, 16, 179, 248, 82, 165, 146, 13, 181, 5, 13, 191, 95, 216, 95, 88, 22, 57, 95, 224, 131, 95, 4, 88, 253, 209, 57, 231, 125, 8, 5, 95, 96, 57, 95, 67, 4, 37, 158, 134, 55, 12, 95, 66, 179, 134, 95, 220, 253, 212, 17, 66, 134, 180, 12, 12, 192, 66, 175, 95, 193, 192, 216, 87, 155, 22, 170, 95, 192, 224, 125, 66, 175, 217, 125, 125, 125, 76, 51, 222, 12, 57, 192, 125, 125, 175, 8, 57, 120, 192, 224, 93, 8, 194, 57, 34, 134, 57, 180, 194, 210, 61, 95, 224, 125, 125, 8, 175, 59, 57, 125, 131, 95, 175, 5, 84, 57, 95, 178, 59, 5, 5, 212, 216, 134, 112, 134, 128, 175, 58, 252, 212, 212, 77, 175, 5, 13, 192, 247, 49, 180, 16, 166, 134, 157, 253, 45, 125, 175, 175, 95, 96, 95, 84, 243, 233, 155, 192, 76, 158, 95, 208, 233, 65, 95, 224, 95, 57, 160, 155, 175, 95, 193, 134, 220, 95, 16, 110, 134, 122, 12, 57, 165, 155, 179, 12, 59, 34, 216, 95, 218, 40, 57, 212, 72, 178, 198, 221, 156, 192, 76, 24, 48, 48, 60, 234, 104, 12, 95, 49, 67, 5, 5, 57, 136, 122, 57, 74, 142, 234, 12, 192, 207, 220, 125, 123, 142, 248, 207, 47, 207, 196, 222, 5, 209, 95, 87, 248, 125, 175, 65, 217, 169, 95, 216, 95, 218, 151, 58, 152, 172, 152, 125, 14, 5, 12, 165, 165, 193, 165, 5, 234, 59, 130, 146, 226, 67, 210, 155, 104, 198, 94, 84, 95, 218, 204, 214, 13, 220, 178, 236, 218, 218, 59, 109, 87, 89, 95, 81, 128, 43, 207, 207, 24, 132, 240, 204, 209, 118, 95, 216, 59, 218, 51, 131, 48, 19, 19, 192, 250, 5, 12, 12, 96, 12, 13, 123, 222, 0, 130, 12, 146, 23, 151, 20, 146, 209, 87, 165, 57, 142, 113, 89, 114, 165, 57, 125, 218, 233, 58, 104, 92, 178, 77, 142, 65, 104, 192, 131, 3, 180, 123, 166, 12, 170, 12, 19, 95, 233, 181, 77, 131, 180, 131, 13, 14, 233, 32, 12, 192, 45]"
41003,"[182, 234, 240, 43, 193, 248, 43, 228, 234, 5, 180, 13, 146, 44, 46, 20, 65, 3, 6, 115, 121, 49, 81, 204, 192, 243, 163, 114, 217, 151, 234, 12, 57, 92, 251, 146, 90, 123, 178, 32, 252, 92, 158, 65, 28, 23, 114, 159, 150, 202, 90, 116, 132, 26, 132, 58, 255, 151, 90, 0, 227, 214, 255, 95, 14, 185, 245, 172, 130, 58, 58, 37, 142, 172, 26, 108, 95, 94, 179, 70, 0, 255, 132, 214, 159, 51, 22, 214, 214, 145, 255, 29, 241, 37, 75, 58, 112, 159, 255, 90, 37, 112, 214, 58, 58, 227, 37, 37, 207, 105, 34, 214, 26, 37, 17, 47, 207, 83, 132, 69, 51, 14, 24, 0, 85, 78, 67, 233, 116, 26, 24, 24, 182, 191, 246, 204, 209, 32, 172, 78, 24, 14, 142, 199, 92, 228, 135, 163, 14, 250, 228, 13, 64, 247, 208, 250, 221, 26, 220, 183, 132, 167, 142, 123, 139, 78, 228, 78, 24, 14, 221, 62, 78, 26, 67, 62, 51, 51, 78, 18, 26, 163, 83, 221, 175, 197, 74, 117, 6, 159, 166, 14, 6, 23, 78, 78, 85, 246, 14, 132, 55, 188, 158, 58, 14, 14, 247, 132, 92, 78, 26, 151, 234, 165, 11, 132, 58, 58, 241, 113, 217, 62, 26, 26, 139, 241, 240, 62, 18, 58, 78, 85, 246, 222, 171, 217, 78, 83, 85, 221, 222, 24, 191, 247, 122, 136, 16, 18, 119, 196, 61, 75, 78, 35, 222, 24, 115, 117, 207, 26, 14, 14, 11, 67, 145, 248, 132, 241, 14, 145, 115, 78, 132, 0, 14, 14, 26, 145, 145, 158, 92, 250, 250, 216, 114, 214, 115, 255, 14, 14, 255, 6, 115, 26, 26, 14, 14, 6, 248, 228, 115, 26, 81, 221, 255, 26, 26, 24, 26, 14, 51, 132, 67, 26, 255, 78, 250, 22, 217, 145, 58, 145, 121, 142, 113, 114, 115, 67, 24, 255, 81, 14, 78, 62, 93, 26, 255, 22, 113, 193, 255, 26, 130, 248, 246, 14, 132, 115, 67, 130, 248, 250, 221, 130, 11, 163, 58, 92, 51, 88, 209, 11, 145, 214, 26, 35, 51, 131, 191, 145, 209, 58, 240, 204, 92, 229, 188, 145, 214, 240, 204, 209, 209, 217, 193, 217, 51, 205, 115, 196, 83, 147, 24, 156, 181, 243, 64, 163, 0, 63, 240, 22, 231, 63, 92, 193, 146, 9, 35, 92, 97, 147, 130, 191, 35, 184, 115, 63, 213, 213, 26, 132]"
41005,"[150, 192, 66, 221, 45, 192, 216, 95, 64, 51, 4, 49, 45, 72, 220, 55, 218, 51, 24, 73, 192, 43, 131, 123, 233, 188, 43, 125, 76, 45, 218, 250, 121, 197, 76, 229, 208, 233, 185, 252, 245, 124, 180, 165, 60, 90, 249, 216, 216, 42, 62, 142, 65, 57, 252, 242, 34, 104, 36, 142, 31, 177, 140, 62, 193, 184, 91, 131, 173, 29, 249, 73, 5, 234, 54, 32, 87, 77, 29, 166, 37, 62, 76, 62, 62, 62, 142, 21, 71, 96, 19, 216, 124, 128, 17, 243, 208, 76, 15, 173, 17, 110, 62, 220, 76, 67, 152, 110, 175, 220, 187, 216, 197, 197, 175, 110, 208, 208, 76, 76, 76, 66, 155, 224, 243, 220, 112, 38, 51, 81, 173, 29, 133, 245, 124, 225, 212, 168, 165, 12, 180, 245, 240, 128, 29, 76, 243, 208, 121, 185, 218, 62, 193, 12]"
41006,"[91, 14, 255, 85, 26, 83, 83, 246, 222, 188, 83, 132, 248, 78, 246, 14, 247, 78, 85, 45, 78, 16, 250, 207, 62, 78, 121, 45, 250, 222, 24, 85, 78, 62, 24, 51, 246, 24, 163, 78, 24, 62, 250, 166, 148, 62, 15, 247, 78, 16, 142, 217, 247, 78, 62, 121, 16, 246, 208, 247, 247, 183, 62, 218, 250, 207, 247, 62, 152, 208, 250, 233, 243, 76, 208, 229, 75, 17, 41, 208, 62, 208, 208, 78, 221, 51, 208, 208, 208, 208, 153, 250, 250, 132, 152, 49, 24, 62, 250, 250, 208, 125, 15, 119, 24, 246, 142, 217, 220, 168, 173, 197, 250, 81, 208, 247, 208, 229, 43, 250, 250, 208, 208, 121, 125, 62, 218, 250, 243, 208, 62, 62, 208, 246, 250, 208, 64, 15, 119, 18, 246, 250, 78, 208, 247, 247, 62, 51, 16, 45, 15, 208, 119, 78, 16, 16, 208, 62, 208, 208, 76, 16, 16, 64, 208, 62, 121, 62, 51, 16, 49, 247, 208, 62, 62, 142, 123, 208, 188, 208, 62, 62, 16, 16, 152, 247, 62, 173, 45, 246, 173, 216, 217, 18, 62, 78, 166, 166, 24, 119, 75, 24, 121, 25, 222, 85, 24, 119, 62, 62, 250, 14, 132, 24, 119, 152, 139, 250, 166, 208, 168, 24, 119, 119, 116, 35, 24, 102, 188, 78, 247, 51, 14, 62, 78, 119, 132, 247, 222, 14, 78, 24, 117, 183, 145, 123, 25, 208, 78, 102, 132, 26, 14, 14, 121, 255, 163, 26, 117, 14, 25, 18, 208, 78, 119, 78, 250, 221, 117, 24, 102, 78, 24, 110, 250, 18, 119, 83, 64, 132, 14, 14, 183, 62, 78, 24, 119, 250, 210, 78, 78, 188, 78, 78, 246, 166, 18, 78, 208, 78, 78, 250, 51, 153, 228, 78, 78, 62, 250, 250, 153, 228, 192, 24, 78, 16, 128, 125, 97, 119, 78, 78, 246, 250, 62, 229, 78, 18, 196, 81, 14, 18, 196, 24, 78, 132, 14, 166, 117, 15, 18, 62, 62, 250, 14, 208, 220, 15, 119, 78, 246, 250, 76, 78, 78, 24, 247, 14, 250, 62, 243, 119, 64, 26, 250, 25, 166, 197, 78, 255, 197, 221, 16, 119, 78, 197, 255, 24, 166, 166, 208, 247, 78, 207, 24, 166, 166, 229, 24, 152, 207, 121, 16, 16, 18, 183, 132, 197, 197, 166, 25, 208, 183, 132, 197, 152, 166, 25, 62, 24, 197, 216, 197, 16, 16, 247, 45, 78, 216, 62, 246, 14, 247, 64, 78, 247, 208, 16, 16, 247, 247, 208, 208, 208, 16, 218, 45, 15, 247, 208, 247, 16, 250, 62, 247, 247, 208, 247, 14, 233, 188, 208, 247, 208, 208, 16, 246, 208, 119, 119, 152, 49, 66, 16, 131, 62, 78, 220, 208, 25, 25, 64, 154, 75, 45, 76, 246, 14, 208, 208, 247, 45, 64, 91, 51, 247, 119, 247, 208, 62, 233, 246, 208, 208, 119, 208, 247, 36, 16, 153, 114, 111, 44, 200, 36, 250, 247, 139, 42, 188, 208, 246, 16, 220, 206, 170, 247, 132, 113, 246, 208, 216, 42, 24, 203, 1, 1, 44, 42, 208, 24, 78, 232, 60, 111, 78, 153, 249, 74, 16, 221, 78, 111, 42, 119, 139, 91, 233, 44, 87, 114, 98, 98, 1, 36, 152, 208, 139, 137, 78, 221, 81, 152, 94, 24, 163, 191, 36, 222, 24, 115, 150, 186, 190, 39, 39, 31, 104, 96, 144, 31, 21, 181, 226, 226, 171, 86, 235, 1, 103, 78, 132, 135, 78, 15, 14, 222, 135, 200, 182, 182, 114, 60, 241, 42, 247, 132, 94, 187, 246, 166, 18, 171, 114, 114, 79, 176, 27, 189, 235, 171, 226, 79, 176, 101, 187, 135, 174, 190, 126, 164, 201, 162, 235, 171, 226, 79, 176, 176, 107, 226, 107, 171, 94, 222, 70, 243, 78, 132, 135, 78, 14, 101, 106, 195, 80, 80, 80, 39, 27, 162, 195, 80, 190, 190, 1, 201, 162, 195, 80, 190, 235, 103, 25, 24, 24, 228, 42, 85, 14, 14, 24, 98, 135, 132, 107, 7, 14, 255, 228, 171, 167, 247, 222, 241, 114, 171, 87, 115, 132, 7, 175, 153, 42, 24, 171, 79, 7, 142, 220, 119, 24, 24, 171, 14, 51, 24, 24, 171, 135, 24, 181, 16, 24, 132, 163, 24, 24]"
41007,"[19, 57, 35, 21, 98, 235, 167, 63, 11, 218, 175, 214, 154, 213, 154, 213, 14, 20, 192, 169, 30, 63, 61, 34, 20, 137, 26, 117, 212, 243, 218, 5, 209, 236, 117, 63, 236, 51, 81, 153, 213, 63, 92, 43, 179, 123, 216, 13, 236, 247, 49, 81, 232, 109, 86, 223, 190, 126, 164, 201, 162, 38, 83, 102, 231, 233, 51, 208, 117, 251, 159, 253, 4, 123, 76, 193, 23, 174, 190, 164, 201, 162, 195, 174, 199, 92, 66, 66, 63, 95, 43, 49, 26, 20, 20, 64, 135, 63, 89, 89, 241, 240, 196, 188, 163, 63, 13, 194, 27, 106, 195, 80, 174, 107, 21, 240, 78, 64, 64, 15, 15, 151, 20, 167, 169, 30, 49, 247, 110, 51, 49, 47, 227, 92, 255, 246, 246, 64, 196, 55, 188, 208, 179, 70, 152, 117, 83, 117, 134, 88, 9, 208, 147, 229, 229, 71, 123, 16, 30, 196, 30, 145, 30, 81, 88, 191, 251, 213, 130, 134, 81, 246, 55, 49, 212, 236, 163, 221, 179, 95, 11, 11, 147, 63, 240, 81, 83, 117, 97, 55, 255, 35, 25, 117, 147, 212, 183, 117, 179, 28, 172, 64, 214, 95, 75, 35, 123, 183, 147, 251, 212, 163, 70, 123, 227, 11, 49, 83, 125, 233, 37, 43, 63, 236, 132, 58, 25, 17, 217, 45, 212, 145, 47, 17, 221, 49, 30, 131, 58, 145, 66, 35, 147, 236, 255, 196, 11, 81, 246, 75, 214, 96, 237, 236, 51, 123, 83, 145, 30, 15, 161, 9, 35, 161, 236, 97, 147, 168, 51, 246, 229, 83, 196, 6, 92, 81, 233, 13, 229, 196, 163, 85, 218, 5, 0, 125, 49, 49, 125, 4, 155, 121, 251, 160, 236, 102, 88, 221, 45, 193, 11, 47, 255, 51, 233, 30, 131, 12, 120, 174, 176, 27, 38, 83, 63, 191, 229, 51, 179, 167, 43, 47, 251, 11, 37, 218, 178, 160, 11, 145, 26, 81, 35, 63, 236, 117, 255, 79, 176, 201, 162, 127, 80, 126, 126, 164, 201, 162, 174, 206, 135, 94, 21, 101, 94, 251, 236, 49, 207, 51, 14, 131, 146, 236, 78, 117, 240, 185, 30, 147, 47, 26, 49, 81, 14, 163, 141, 147, 47, 47, 51, 35, 227, 58, 48, 96, 98, 174]"
41008,"[48, 60, 241, 114, 86, 135, 230, 226, 21, 60, 114, 58, 94, 163, 202, 184, 241, 94, 109, 191, 191, 163, 116, 233, 114, 135, 107, 31, 115, 35, 181, 87, 165, 170, 94, 19, 175, 60, 171, 48, 19, 165, 193, 113, 60, 215, 171, 202, 11, 0, 151, 241, 114, 212, 203, 87, 12, 241, 60, 19, 134, 148, 163, 170, 181, 52, 71, 135, 98, 114, 118, 241, 52, 172, 163, 135, 135, 171, 241, 52, 74, 228, 171, 230, 87, 232, 241, 58, 23, 230, 230, 139, 1, 241, 114, 107, 114, 96, 107, 234, 60, 202, 0, 247, 132, 167, 25, 22, 12, 23, 114, 115, 82, 60, 123, 170, 196, 202, 11, 139, 176, 116, 145, 186, 202, 11, 58, 113, 52, 58, 47, 177, 216, 171, 241, 151, 114, 48, 199, 11, 114, 14, 14, 183, 130, 58, 58, 198, 60, 60, 202, 214, 58, 170, 58, 241, 90, 114, 114, 191, 26, 75, 234, 60, 23, 2, 213, 255, 58, 241, 241, 170, 167, 102, 171, 226, 241, 70, 255, 177, 118, 114, 107, 241, 60, 177, 214, 114, 214, 255, 241, 181, 124, 209, 58, 114, 226, 241, 241, 251, 11, 170, 79, 114, 65, 241, 160, 102, 92, 132, 170, 4, 20, 89, 170, 191, 248, 63, 241, 142, 182, 171, 191, 0, 255, 234, 60, 115, 130, 213, 0, 227, 181, 20, 214, 192, 178, 170, 48, 21, 233, 114, 0, 255, 227, 226, 7, 204, 94, 32, 13, 58, 94, 222, 205, 114, 146, 58, 114, 0, 14, 151, 19, 199, 58, 177, 165, 205, 184, 114, 182, 209, 114, 114, 65, 241, 12, 217, 132, 114, 191, 151, 70, 145, 167, 163, 171, 141, 35, 7, 131, 192, 145, 130, 58, 241, 14, 114]"
41009,"[250, 218, 59, 72, 59, 231, 168, 50, 5, 59, 231, 208, 243, 149, 218, 233, 62, 125, 149, 6, 59, 218, 21, 54, 165, 100, 6, 59, 8, 184, 192, 125, 131, 120, 192, 218, 233, 231, 93, 209, 32, 59, 33, 241, 231, 6, 120, 104, 76, 179, 113, 192, 125, 243, 243, 76, 218, 194, 217, 243, 145, 67, 193, 7, 204, 192, 76, 149, 243, 67, 218, 233, 192, 125, 125, 76, 243, 51, 204, 59, 131, 248, 43, 208, 142, 5, 192, 62, 62, 243, 62, 22, 5, 92, 18, 208, 76, 243, 81, 218, 129, 208, 208, 183, 74, 218, 16, 192, 243, 76, 125, 131, 123, 175, 12, 104, 143, 231, 149, 50, 240, 43, 243, 43, 6, 231, 218, 142, 30, 62, 243, 229, 78, 142, 70, 229, 75, 92, 149, 243, 128, 22, 217, 147, 188, 24, 208, 204, 225, 59, 217, 208, 78, 78, 250, 250, 243, 6, 217, 168, 208, 110, 250, 243, 193, 74, 78, 78, 142, 7, 131, 217, 193, 68, 76, 110, 218, 62, 78, 193, 248, 243, 218, 218, 6, 231, 229, 62, 208, 14, 233, 231, 228, 30, 188, 76, 110, 233, 77, 168, 26, 62, 243, 250, 22, 180, 59, 78, 62, 168, 218, 22, 12, 217, 18, 62, 145, 51, 250, 18, 93, 217, 228, 167, 218, 16, 188, 43, 43, 131, 145, 218, 218, 243, 125, 43, 125, 62, 218, 204, 77, 149, 74, 208, 208, 218, 250, 93, 32, 231, 243, 208, 14, 65, 231, 18, 125, 193, 92, 5, 194, 68, 149, 93, 100, 62, 110, 204, 192, 131, 120, 68, 93, 7, 250, 149, 149, 93, 74, 15, 128, 218, 92, 188, 169, 209, 115, 99, 250, 62, 43, 85, 145, 77, 175, 21, 217, 43, 43, 62, 243, 51, 35, 153, 229, 188, 102, 193, 194, 142, 231, 243, 243, 193, 32, 33, 240, 49, 49, 85, 85, 62, 16, 250, 62, 67, 208, 188, 62, 22, 155, 13, 217, 145, 125, 125, 66, 204, 58, 18, 62, 243, 76, 110, 110, 208, 76, 125, 125, 131, 184, 194, 208, 67, 125, 93, 67, 218, 22, 192, 228, 213, 76, 72, 218, 234, 231, 62, 243, 168, 125, 218, 233, 231, 6, 143, 125, 193, 123, 218, 125, 193, 143, 243, 18, 110, 35, 192, 125, 125, 49, 149, 50, 22, 231, 243, 125, 224, 32, 194, 194, 43, 43, 67, 243, 93, 194, 113, 43, 125, 168, 93, 192, 142, 234, 59, 72, 149, 208, 208, 142, 240, 216, 32, 120, 54, 68, 194, 70, 76, 6, 12, 249, 104, 241, 5, 131, 19, 182, 32, 249, 7, 218, 59, 12, 77, 76, 12, 36, 233, 12, 19, 249, 77, 149, 5, 5, 59, 231, 18, 249, 19, 113, 113, 77, 149, 59, 19, 12, 7, 233, 118, 19, 19, 12, 231, 16, 22, 12, 200, 19, 77, 125, 110, 233, 12, 200, 226, 32, 231, 250, 110, 58, 94, 77, 6, 120, 181, 194, 54, 31, 114, 187, 187, 7, 50, 12, 231, 62, 228, 44, 234, 234, 74, 121, 100, 154, 192, 110, 250, 208, 121, 228, 182, 74, 250, 218, 78, 228, 74, 62, 193, 99, 250, 208, 102, 120, 120, 231, 142, 41, 120, 191, 255, 62, 6, 5, 241, 115, 18, 208, 208, 24, 91, 142, 74, 243, 243, 216, 137, 110, 113, 30, 76, 62, 62, 62, 250, 250, 132, 248, 131, 200, 74, 250, 142, 96, 148, 78, 193, 32, 234, 225, 74, 193, 100, 193, 12, 99, 142, 217, 243, 10, 74, 208, 166, 194, 92, 62, 216, 12, 192, 246, 222, 247, 183, 243, 208, 163, 33, 16, 193, 32, 59, 193, 109, 225, 194, 118, 31, 74, 229, 43, 218, 22, 59, 74, 228, 74, 193, 41, 234, 109, 109, 231, 149, 131, 234, 234, 167, 62, 193, 249, 77, 16, 5, 76, 149, 172, 119, 18]"
41010,"[43, 132, 116, 151, 248, 132, 114, 202, 0, 221, 233, 215, 0, 255, 93, 2, 155, 175, 12, 217, 228, 220, 85, 51, 221, 75, 255, 47, 212, 102, 14, 221, 75, 192, 131, 226, 95, 123, 5, 2, 134, 226, 192, 220, 233, 205, 23, 192, 152, 47, 255, 221, 66, 63, 13, 207, 0, 43, 166, 60, 48, 217, 102, 188, 183, 51, 51, 26, 130, 32, 57, 57, 70, 52, 171, 74, 49, 183, 227, 28, 65, 77, 220, 158, 230, 75, 35, 116, 63, 32, 84, 24, 145, 151, 7, 178, 32, 192, 178, 26, 35, 204, 253, 77, 125, 43, 147, 8, 210, 207, 58, 26, 67, 84, 175, 241, 163, 248, 220, 78, 67, 210, 151, 23, 77, 216, 217, 207, 233, 233, 77, 72, 224, 58, 177, 5, 65, 146, 180, 178, 63, 12, 123, 66, 227, 77, 76, 131, 32, 175, 155, 180, 12, 58, 213, 43, 204, 234, 12, 32, 57, 57, 19, 123, 218, 57, 77, 208, 43, 6, 5, 5, 171, 199, 95, 158, 46, 123, 175, 19, 248, 26, 147, 43, 142, 234, 87, 209, 217, 62, 45, 221, 233, 19, 248, 131, 182, 19, 234, 123, 220, 158, 236, 76, 178, 234, 5, 182, 192, 220, 78, 67, 204, 70, 19, 76, 45, 227, 146, 66, 166, 63, 182, 107, 182, 177, 5, 155, 236, 216, 192, 158, 146, 70, 218, 153, 192, 220, 24, 248, 142, 225, 192, 220, 153, 19, 12, 8, 5, 19, 192, 72, 224, 19, 7, 204, 134, 84, 43, 153, 32, 123, 22, 12, 192, 45, 150, 180, 123, 218, 12, 56, 132, 180, 13, 52, 116, 75, 57, 192, 45, 150, 33, 7, 153, 84, 228, 209, 12, 5, 65, 92, 85, 153, 32, 134, 8, 8, 171, 38, 139, 230, 238, 88, 210, 30, 64, 207, 227, 118, 7, 175, 57, 236, 139, 167, 43, 175, 8, 3, 224, 178, 106, 120, 65, 241, 215, 217, 130, 134, 109, 7, 8, 224, 95, 213, 86, 248, 128, 210, 182, 79, 148, 169, 230, 176, 201, 162, 127, 80, 126, 126, 164, 201, 162, 127, 80, 126, 126, 164, 201, 162, 114, 182, 57, 32, 210, 8, 57, 187, 235, 237, 170, 210, 33, 106, 32, 134, 224, 171, 176, 65, 57, 57, 57, 134, 109, 21, 1, 68, 206, 71, 86, 230, 176, 201, 202, 146, 84, 199, 108, 210, 116, 230, 98, 186, 202, 253, 101, 27, 144, 186, 230, 230, 106, 101, 27, 71, 96, 165, 57, 165, 113, 21, 98, 215, 96, 134, 144, 176, 27, 162, 127, 80, 190, 189, 225, 5, 98, 189, 106, 230, 202, 65, 175, 98, 215, 146, 134, 57, 5, 8, 165, 206, 79, 174, 215, 184, 175, 109, 86, 57, 57, 57, 175, 175, 109, 32, 57, 135, 215, 184, 175, 171, 86, 174, 32, 84, 33, 176, 71, 170, 146, 57, 244, 234, 210, 87, 135, 235, 174, 235, 1, 175, 135, 106, 177, 84, 171, 176, 27, 106, 32, 84, 10, 165, 52, 101, 106, 230, 202, 96, 144, 39, 201, 162, 127, 80, 126, 126, 164, 201, 162, 127, 80, 190, 190, 39, 27, 186, 230, 71, 226, 32, 210, 1, 107, 32, 57, 32, 57, 21, 181, 230, 32, 84, 31, 182, 155, 142, 19, 45, 216, 57, 118, 176, 27, 107, 177, 57, 46, 96, 41, 50, 206, 186, 190, 126, 126, 164, 201, 162, 127, 80, 126, 126, 164, 201, 162, 127, 80, 126]"
41011,"[221, 233, 212, 220, 208, 125, 220, 66, 66, 83, 208, 220, 72, 84, 128, 175, 49, 208, 216, 45, 216, 66, 51, 45, 78, 220, 121, 152, 166, 175, 125, 29, 42, 220, 153, 181, 185, 224, 224, 224, 216, 247, 128, 250, 121, 72, 55, 158, 192, 166, 66, 13, 244, 45, 55, 76, 14, 16, 45, 24, 152, 152, 45, 166, 221, 152, 152, 152, 207, 208, 16, 221, 43, 220, 121, 121, 76, 210, 218, 220, 24, 62, 208, 173, 175, 210, 220, 29, 208, 152, 173, 175, 16, 220, 220, 197, 216, 255, 185, 210, 224, 220, 121, 24, 62, 16, 4, 255, 224, 173, 84, 173, 17, 221, 173, 220, 212, 108, 180, 123, 233, 43, 125, 72, 224, 197, 66, 166, 43, 49, 49, 121, 158, 7, 128, 72, 224, 212, 76, 121, 16, 142, 167, 220, 29, 173, 29, 35, 218, 224, 168, 220, 173, 76, 66, 185, 212, 220, 152, 173, 29, 37, 66, 216, 76, 220, 216, 45, 155, 8, 224, 208, 75, 212, 13, 155, 173, 29, 45, 247, 24, 152, 210, 166, 55, 84, 43, 45, 55, 17, 185, 84, 208, 207, 45, 212, 16, 221, 216, 216, 95, 76, 224, 17, 218, 76, 220, 216, 197, 163, 66, 17, 208, 78, 45, 24, 121, 25, 16, 84, 45, 76, 121, 173, 210, 66, 45, 55, 212, 212, 45, 175, 175, 57, 212, 224, 84, 72, 17, 221, 45, 43, 212, 84, 72, 210, 233, 95, 72, 34, 212, 178, 123, 250, 76, 212, 220, 85, 207, 66, 210, 43, 55, 84, 76, 84, 40, 8, 236, 208, 220, 125, 212, 210, 155, 180, 29, 220, 84, 224, 17, 123, 34, 152, 220, 45, 220, 16, 66, 216, 45, 125, 84, 220, 16, 16, 45, 121, 220, 224, 84, 246, 16, 197, 212, 121, 29, 224, 218, 210, 92, 67, 84, 45, 220, 221, 16, 220, 34, 152, 45, 112, 5, 123, 84, 163, 57, 245, 245, 210, 225, 57, 109, 249, 180, 212, 246, 101, 45, 247, 220, 212, 178, 5, 90, 45, 220, 45, 212, 178, 5, 5, 220, 247, 133, 212, 132, 210, 175, 192, 84, 24, 224, 216, 40, 8, 84, 227, 224, 84, 227, 210, 5, 84, 220, 207, 216, 19, 233, 5, 180, 84, 19, 180, 216, 225, 210, 115, 150, 75, 29, 197, 28, 90, 29, 158, 45, 152, 24, 5, 210, 165, 43, 158, 211, 216, 225, 5, 230, 0, 227, 114, 23, 234, 5, 165, 141, 255, 216, 224, 210, 210, 212, 178, 13, 77, 158, 233, 175, 19, 87, 192, 67, 224, 113, 225, 216, 46, 23, 159, 23, 175, 5, 248, 84, 105, 84, 173, 8, 16, 216, 95, 224, 216, 19, 66, 175, 182, 74, 76, 45, 45, 28, 225, 57, 46, 245, 224, 220, 166, 175, 57, 211, 167, 153, 0, 222, 234, 124, 124, 180, 44, 44, 90, 225, 180, 108, 84, 57, 124, 5, 225, 178, 230, 230, 182, 12, 113, 40, 224, 124, 180, 216, 44, 234, 5, 242, 180, 165, 19, 134, 175, 212, 87, 87, 96, 71, 159, 66, 175, 220, 216, 180, 19, 87, 234, 175, 165, 57, 87, 177, 13, 205, 241, 19, 178, 57, 84, 139, 234, 5, 216, 198, 207, 67, 84, 5, 175, 59, 220, 216, 248, 212]"
41012,"[67, 72, 72, 8, 179, 61, 59, 59, 129, 160, 40, 8, 145, 93, 18, 243, 251, 70, 8, 59, 93, 61, 236, 117, 81, 110, 149, 34, 229, 93, 244, 123, 110, 12, 12, 231, 18, 117, 123, 218, 125, 243, 149, 125, 149, 110, 110, 43, 67, 72, 6, 3, 110, 16, 6, 61, 3, 18, 193, 9, 155, 93, 59, 72, 72, 125, 155, 110, 196, 97, 47, 149, 72, 155, 14, 72, 134, 196, 117, 95, 128, 128, 125, 3, 72, 72, 125, 155, 128, 196, 15, 229, 6, 192, 50, 8, 108, 59, 129, 224, 160, 240, 128, 134, 224, 180, 180, 59, 8, 22, 59, 133, 59, 72, 72, 155, 218, 59, 3, 180, 59, 59, 8, 175, 61, 131, 236, 6, 59, 155, 22, 59, 125, 59, 59, 125, 50, 22, 160, 105, 224, 72, 59, 218, 218, 72, 67, 149, 43, 147, 218, 128, 72, 59, 97, 59, 149, 128, 22, 231, 168, 67, 93, 11, 123, 194, 59, 125, 243, 67, 59, 218, 155, 59, 72, 72, 59, 208, 155, 218, 72, 59, 72, 125, 59, 218, 151, 61, 59, 72, 178, 59, 8, 194, 231, 149, 18, 3, 212, 88, 8, 72, 72, 72, 173, 72, 8, 22, 59, 72, 76, 243, 18, 110, 5, 59, 95, 72, 224, 188, 81, 123, 216, 192, 93, 95, 131, 155, 8, 95, 95, 95, 125, 18, 8, 175, 224, 149, 224, 95, 220, 8, 155, 149, 125, 95, 76, 125, 155, 5, 96, 77, 95, 67, 125, 110, 8, 125, 95, 47, 224, 11, 8, 166, 61, 59, 95, 84, 72, 8, 155, 149, 149, 95, 125, 76, 155, 123, 59, 125, 180, 146, 68, 194, 175, 160, 134, 224, 95, 93, 9, 128, 178, 180, 95, 59, 61, 8, 175, 61, 231, 249, 104, 57, 194, 194, 57, 226, 109, 199, 146, 155, 113, 120, 12, 180, 57, 32, 234, 5, 120, 131, 120, 13, 104, 8, 194, 109, 95, 253, 104, 108, 8, 5, 120, 165, 160, 57, 95, 8, 5, 209, 61, 180, 59, 253, 40, 210, 165, 104, 57, 61, 59, 50, 8, 12, 180, 165, 242, 253, 40, 8, 191, 68, 165, 96, 57, 70, 175, 104, 180, 57, 214, 180, 155, 155, 187, 143, 57, 12, 187, 176, 27, 162, 127, 80, 126, 126, 164, 201, 162, 127, 80, 190, 190, 39, 33, 237, 109, 200, 187, 157, 40, 8, 165, 54, 140, 177, 134, 175, 4, 180, 216, 249, 215, 120, 225, 175, 165, 165, 108, 180, 57, 123, 7, 87, 244, 249, 143, 59, 33, 234, 68, 95, 12, 32, 180, 5, 241, 68, 59, 19, 180, 180, 5, 225, 120, 12, 177, 12, 89, 234, 5, 180, 178, 180, 57, 171, 194, 113, 108, 178, 177, 245, 187, 70, 225, 12, 12, 12, 12, 114, 33, 225, 57, 187, 109, 32, 165, 33, 33, 187, 97, 109, 31, 31, 33, 234, 180, 59, 32, 59, 187, 225, 113, 31, 120, 187, 187, 68, 5, 194, 12, 114, 143, 180, 180, 175, 33, 104, 143, 31, 68, 12, 88, 33, 94, 177, 12, 104, 114, 234, 113, 31, 187, 182, 165, 187, 176, 27, 162, 195, 190, 31, 68, 5, 21, 171, 215, 114, 165, 235]"
41013,"[209, 2, 70, 20, 13, 46, 146, 58, 253, 4, 234, 89, 0, 251, 226, 227, 241, 205, 13, 214, 253, 214, 23, 65, 70, 114, 58, 202, 160, 214, 70, 20, 160, 253, 13, 23, 58, 28, 113, 13, 182, 12, 146, 114, 214, 184, 58, 58, 114, 13, 160, 70, 233, 96, 58, 19, 199, 58, 65, 90, 58, 46, 146, 214, 47, 181, 234, 87, 214, 58, 230, 114, 241, 60, 146, 13, 13, 196, 23, 204, 234, 87, 0, 26, 255, 2, 90, 65, 48, 199, 58, 23, 114, 60, 37, 150, 13, 58, 89, 114, 205, 205, 77, 178, 202, 146, 212, 205, 155, 134, 203, 141, 251, 209, 233, 155, 13, 108, 13, 170, 58, 205, 205, 23, 199, 58, 227, 203, 65, 241, 58, 141, 47, 198, 163, 184, 116, 117, 196, 198, 163, 141, 151, 60, 13, 46, 96, 114, 146, 37, 4, 23, 132, 58, 23, 209, 90, 90, 114, 48, 23, 182, 170, 205, 65, 157, 89, 115, 130, 146, 90, 90, 32, 146, 114, 2, 214, 241, 241, 146, 248, 214, 214, 114, 205, 20, 214, 19, 32, 146, 214, 241, 155, 13, 214, 214, 58, 114, 205, 20, 23, 199, 160, 146, 2, 20, 20, 212, 192, 161, 202, 214, 5, 20, 198, 89, 253, 253, 253, 35, 155, 146, 209, 192, 130, 146, 20, 70, 13, 217, 49, 83, 102, 20, 9, 227, 58, 0, 158, 114, 233, 240, 85, 255, 217, 43, 49, 204, 184, 0, 130, 192, 63, 32, 123, 151, 157, 171, 171, 215, 136, 51, 222, 141, 49, 64, 64, 152, 240, 22, 180, 57, 13, 146, 146, 241, 28, 253, 214, 253, 23, 209, 20, 88, 253, 46, 213, 92, 228, 113, 241, 2, 89, 23, 2, 11, 151, 70, 253, 58, 253, 214, 214, 184, 205, 157, 114, 58, 45, 58, 101, 20, 160, 226, 87, 199, 108, 5, 181, 13, 87, 171, 87, 48, 151, 70, 214, 212, 11, 13, 94, 234, 241, 89, 96, 12, 87, 118, 176, 241, 87, 95, 170, 191, 79, 241, 184, 237, 114, 182, 107, 58, 28, 101, 109, 32, 96, 171, 214, 20, 181, 253, 114, 202, 160, 11, 65, 241, 214, 209, 89, 226, 214, 60, 113, 58, 214, 96, 199, 146, 233, 101, 87, 214, 97, 165, 136, 151, 181, 209, 170, 32, 165, 89, 101, 233, 214, 214, 214, 58, 23, 181, 20, 170, 89, 114, 23, 170, 28, 225, 214, 58, 23, 114, 58, 181, 60, 23, 170, 114, 214, 214, 90, 70, 209, 209, 215, 182, 199, 70, 181, 214, 58, 58, 114, 209, 28, 90, 58, 165, 89, 79, 58, 60, 20, 114, 177, 165, 135, 87, 101, 113, 214, 146, 87, 124, 57, 5, 60, 19, 165, 23, 12, 114, 5, 181, 253, 170, 253, 170, 146, 70, 241, 177, 57, 214, 13, 87, 184, 60, 58, 87, 87, 177, 134, 14, 241, 114, 171, 171, 171, 154, 52, 28, 56, 24, 170, 157, 167, 246, 222, 230, 114, 73, 199, 213, 113, 241, 23, 170, 157, 114, 165, 113, 205, 12, 214, 58, 89, 89]"
41014,"[205, 20, 159, 209, 59, 12, 134, 194, 5, 209, 13, 13, 13, 105, 210, 37, 58, 12, 58, 95, 249, 175, 9, 13, 13, 12, 95, 243, 22, 90, 180, 245, 217, 193, 160, 113, 155, 160, 192, 131, 59, 87, 123, 22, 59, 165, 13, 13, 12, 225, 90, 59, 180, 11, 58, 213, 232, 184, 13, 12, 61, 178, 95, 218, 5, 59, 158, 160, 165, 13, 225, 20, 32, 134, 13, 160, 12, 5, 123, 158, 192, 193, 57, 209, 5, 155, 59, 12, 160, 12, 59, 233, 20, 96, 165, 12, 180, 96, 5, 123, 59, 243, 131, 3, 82, 65, 20, 95, 77, 112, 12, 12, 184, 225, 252, 12, 95, 131, 96, 123, 155, 59, 13, 120, 96, 13, 155, 184, 57, 180, 146, 165, 77, 142, 20, 13, 180, 95, 12, 12, 184, 5, 120, 13, 87, 13, 32, 8, 20, 59, 191, 253, 95, 12, 155, 113, 95, 12, 13, 96, 95, 16, 205, 244, 13, 192, 216, 96, 5, 5, 12, 107, 217, 193, 13, 123, 234, 57, 96, 198, 209, 160, 184, 9, 134, 180, 143, 13, 30, 142, 123, 192, 125, 93, 59, 12, 240, 175, 177, 13, 165, 12, 134, 210, 205, 61, 57, 160, 59, 109, 155, 175, 95, 59, 165, 87, 59, 5, 155, 108, 95, 212, 57, 13, 155, 8, 146, 134, 59, 134, 13, 155, 8, 95, 13, 12, 134, 12, 123, 155, 57, 212, 59, 165, 192, 175, 5, 12, 13, 95, 12, 59, 175, 5, 59, 134, 13, 165, 57, 33, 155, 198, 96, 237, 244, 57, 5, 65, 59, 57, 160, 13, 59, 110, 41, 57, 59, 93, 13, 12, 155, 155, 108, 134, 87, 57, 95, 155, 155, 109, 134, 160, 59, 57, 175, 155, 59, 134, 209, 180, 59, 60, 155, 95, 12, 165, 12, 32, 155, 155, 165, 165, 57, 180, 108, 5, 155, 165, 165, 89, 57, 57, 155, 5, 171]"
41016,"[215, 135, 106, 60, 184, 230, 230, 58, 58, 171, 184, 181, 13, 79, 171, 157, 202, 65, 155, 215, 73, 230, 171, 87, 113, 205, 217, 45, 75, 13, 199, 234, 234, 87, 13, 114, 57, 170, 241, 5, 87, 57, 198, 79, 13, 225, 40, 180, 45, 131, 13, 253, 5, 65, 57, 87, 209, 13, 48, 5, 101, 136, 152, 63, 146, 146, 234, 175, 157, 191, 178, 87, 107, 113, 66, 19, 180, 209, 13, 214, 5, 65, 57, 19, 134, 92, 153, 91, 204, 192, 122, 77, 84, 209, 225, 34, 12, 178, 146, 19, 192, 142, 155, 146, 192, 216, 12, 192, 142, 5, 87, 57, 146, 165, 32, 8, 123, 63, 32, 89, 13, 146, 225, 5, 231, 158, 13, 177, 134, 116, 5, 32, 217, 132, 231, 108, 8, 5, 209, 217, 130, 146, 226, 66, 234, 13, 248, 220, 220, 130, 5, 116, 43, 178, 32, 13, 58, 113, 52, 74, 18, 131, 12, 180, 175, 155, 192, 125, 12, 192, 132, 66, 156, 165, 209, 87, 79, 231, 175, 155, 59, 57, 134, 192, 178]"
41017,"[67, 220, 83, 218, 8, 207, 255, 82, 58, 217, 250, 175, 133, 212, 158, 19, 167, 218, 233, 48, 92, 63, 13, 150, 34, 16, 0, 208, 228, 182, 167, 110, 218, 67, 55, 63, 165, 208, 128, 175, 180, 29, 121, 112, 131, 181, 210, 178, 131, 115, 255, 43, 222, 123, 112, 45, 255, 207, 255, 128, 210, 153, 19, 217, 197, 6, 7, 233, 153, 45, 43, 168, 158, 113, 166, 3, 131, 217, 247, 168, 250, 51, 132, 180, 178, 43, 43, 131, 91, 153, 19, 192, 43, 153, 218, 250, 197, 11, 6, 45, 171, 241, 60, 95, 19, 165, 158, 92, 179, 225, 167, 168, 57, 62, 158, 20, 241, 192, 207, 49, 227, 198, 51, 166, 182, 48, 13, 92, 228, 234, 5, 32, 114, 177, 224, 57, 234, 225, 19, 165, 150, 77, 178, 181, 113, 74, 78, 47, 58, 87, 7, 142, 182, 248, 178, 248, 153, 91, 22, 19, 96, 253, 180, 134, 37, 222, 2, 95, 44, 200, 106, 225, 180, 34, 198, 98, 165, 12, 123, 218, 224, 131, 19, 177, 165, 234, 123, 178, 180, 178, 32, 57, 151, 5, 12, 114, 200, 76, 216, 5, 5, 12, 165, 165, 192, 228, 113, 113, 12, 180, 57, 32, 220, 16, 5, 12, 182, 57, 118, 248, 66, 156, 57, 62, 26, 178, 87, 16, 222, 77, 131, 12, 220, 137, 151, 5, 224, 6, 57, 148, 153, 91, 16, 43, 131, 165, 248, 125, 233, 101, 177, 134, 200, 107, 135, 7, 16, 57, 77, 216, 57, 136, 218, 218, 19, 192, 84, 182, 74, 233, 8, 12, 95, 220, 122, 89, 234, 5, 57, 248, 247, 141, 49, 184, 5, 57, 192, 125, 131, 12, 234, 5, 77, 178, 180, 34, 134, 8, 8, 34, 12, 224, 158, 182, 225, 155, 180, 84, 182, 167, 43, 175, 175, 182, 32, 57, 84, 158, 225, 210, 19, 32, 57, 12, 220, 156, 16, 228, 12, 165, 248, 6, 5, 41, 19, 224, 247, 71, 182, 128, 175, 182, 170, 79, 182, 182, 7, 16, 248, 132, 199, 89, 42, 204, 65, 182, 248, 132, 19, 95, 25, 175, 171, 19, 248, 228, 248, 233, 5, 165, 248, 153, 19, 45, 184, 116, 212, 228, 182, 19, 12, 155, 142, 182, 32, 165, 74, 228, 5, 142, 182, 12, 77, 153, 87, 225, 5, 141, 196, 177, 165, 192, 22, 5, 44, 19, 165, 177, 57, 8, 128, 168, 45, 96, 32, 165, 8, 175, 12, 180, 12, 165, 13, 5, 41, 46, 95, 178, 0, 208, 218, 22, 180, 180, 45, 158, 12, 234, 234, 77, 45, 30, 228, 19, 91, 22, 19, 217, 131, 115, 43, 142, 91, 228, 228, 177, 84, 78, 142, 234, 211, 249, 44, 32, 180, 113, 20, 180, 216, 182, 182, 248, 151, 184, 19, 46, 95, 76, 177, 210, 20, 198, 58, 89, 3, 84, 37, 222, 114, 77, 43, 153]"
41018,"[89, 65, 181, 2, 213, 79, 199, 96, 241, 113, 146, 96, 182, 226, 114, 20, 184, 12, 146, 146, 48, 115, 123, 35, 251, 92, 67, 131, 214, 70, 35, 251, 32, 146, 32, 209, 241, 37, 26, 67, 93, 12, 58, 70, 179, 214, 92, 196, 63, 58, 241, 116, 251, 32, 19, 92, 26, 81, 14, 63, 92, 26, 63, 115, 81, 81, 145, 145, 49, 145, 145, 52, 241, 89, 214, 213, 145, 83, 179, 240, 145, 145, 117, 67, 63, 241, 241, 107, 89, 30, 145, 125, 35, 20, 214, 145, 145, 83, 163, 233, 81, 145, 147, 161, 117, 167, 14, 81, 26, 145, 11, 145, 63, 70, 35, 94, 6, 182, 217, 147, 35, 241, 89, 107, 182, 135, 94, 142, 116, 145, 132, 214, 58, 191, 204, 240, 83, 125, 228, 118, 58, 241, 181, 19, 192, 78, 163, 170, 241, 65, 114, 107, 114, 148, 117, 14, 156, 94, 78, 132, 11, 130, 240, 25, 92, 131, 217, 26, 49, 218, 142, 248, 85, 83, 26, 45, 179, 52, 30, 78, 228, 203, 87, 233, 81, 147, 67, 131, 188, 145, 233, 65, 96, 217, 78, 163, 145, 233, 232, 19, 77, 78, 163, 230, 103, 81, 220, 220, 131, 172, 163, 246, 246, 247, 24, 148, 83, 132, 81, 204, 134, 125, 15, 220, 208, 232, 175, 229, 125, 243, 84, 100, 246, 246, 132, 43, 43, 64, 216, 33, 184, 106, 45, 228, 248, 49, 222, 240, 208, 78, 247, 125, 208, 233, 21, 192, 208, 158, 96, 87, 234, 16, 150, 92, 153, 165, 107, 1, 5, 118, 165, 12, 118, 165, 234, 181, 230, 248, 82, 167, 62, 16, 5, 171, 182, 12, 107, 192, 233, 52, 135, 217, 208, 150, 118, 176, 52, 136, 153, 12, 192, 178, 234, 113, 48, 182, 12, 87, 78, 65, 70, 96, 182, 107, 87, 182, 5, 155, 109, 115, 153, 135, 182, 21, 60, 165, 85, 193, 192, 153, 234, 241, 32, 84, 171, 115, 78, 222, 52, 98, 189, 248, 62, 24, 234, 1, 12, 19, 182, 182, 87, 91, 156, 32, 12, 77, 153, 12, 234, 113, 107, 118]"
41019,"[217, 24, 255, 14, 91, 153, 255, 117, 132, 117, 14, 250, 121, 149, 168, 62, 78, 14, 110, 62, 78, 78, 183, 163, 110, 16, 173, 168, 18, 128, 178, 9, 250, 168, 84, 72, 224, 43, 250, 66, 121, 112]"
41020,"[7, 175, 47, 76, 243, 243, 208, 142, 128, 224, 216, 134, 74, 247, 151, 20, 76, 76, 152, 152, 152, 16, 175, 224, 147, 152, 152, 207, 218, 175, 178, 92, 131, 192, 121, 22, 5, 76, 76, 153, 136, 229, 250, 175, 100, 18, 24, 24, 6, 113, 70, 220, 76, 15, 125, 208, 246, 16, 224, 62, 62, 216, 165, 250, 8, 19, 231, 208, 62, 220, 175, 22, 208, 153, 231, 119, 62, 16, 175, 249, 30, 228, 74, 216, 7, 17, 95, 220, 6, 180, 74, 16, 210, 13, 95, 220, 208, 208, 16, 66, 224, 76, 75, 134, 45, 14, 8, 224, 208, 119, 95, 62, 128, 210, 119, 125, 15, 76, 76, 175, 8, 84, 193, 30, 15, 168, 16, 16, 224, 32, 249, 192, 216, 123, 250, 76, 161, 95, 87, 96, 7, 8, 74, 243, 76, 224, 134, 210, 110, 224, 216, 224, 84, 59, 175, 8, 76, 224, 76, 76, 96, 20, 20, 236, 231, 193, 87, 208, 218, 210, 216, 12, 59, 208, 76, 175, 184, 198, 96, 13, 215, 198, 123, 155, 76, 125, 125, 49, 161, 113, 8, 76, 117, 131, 134, 76, 194, 175, 149, 134, 243, 76, 12, 113, 7, 220, 34, 12, 74, 76, 216]"
41021,"[77, 6, 108, 185, 7, 72, 149, 231, 121, 129, 184, 225, 129, 147, 117, 147, 117, 35, 35, 117, 78, 82, 236, 193, 181, 166, 217, 117, 228, 255, 18, 35, 35, 229, 163, 147, 196, 15, 14, 110, 119, 147, 117, 168, 18, 110, 14, 117, 145, 78, 145, 229, 250, 81, 147, 43, 6]"
41022,"[63, 209, 234, 234, 12, 192, 131, 12, 192, 142, 155, 196, 47, 196, 196, 49, 81, 81, 229, 196, 102, 49, 147, 9, 81, 125, 67, 134, 147, 163, 70, 155, 125, 220, 78, 49, 196, 81, 66, 147, 196, 134, 95, 196, 35, 9, 125, 76, 163, 147, 6, 9, 35, 100, 76, 243, 229, 172, 35, 60, 100, 147, 117, 154, 251, 9, 70, 95, 183, 61, 11, 214, 70, 184, 213, 193, 136, 154, 61, 204, 9, 61, 12, 137, 117, 131, 194, 218, 43, 196, 163, 147, 172, 25, 8, 59, 243, 100, 163, 243, 8, 9, 120, 86, 174, 38, 82, 33, 241, 31, 100, 83, 243, 193, 21, 176, 162, 195, 190, 137, 62, 210, 194, 100, 163, 191, 117, 229, 51, 204, 231, 149]"
41023,"[107, 248, 142, 234, 192, 26, 196, 131, 74, 142, 240, 83, 188, 75, 197, 121, 166, 7, 216, 24, 117, 121, 43, 166, 184, 137, 139, 190, 137, 139, 27, 176, 98, 195, 38, 247, 139, 176, 176, 162, 98, 136, 69, 167, 51, 246, 150, 38, 139, 144, 144, 27, 201, 162, 195, 223, 167, 130, 240, 51, 193, 217, 15, 152, 131, 123, 22, 115, 119, 147, 146, 180, 175, 5, 180, 180, 180, 236, 78, 110, 222, 143, 149, 134, 6, 3, 8, 218, 132, 83, 243, 100, 168, 110, 51, 243, 72, 125, 202, 251, 40, 17, 243, 84, 43, 229, 130, 88, 218, 72, 72, 180, 212, 61, 218, 142, 92, 149, 76, 84, 3, 128, 66, 227, 213, 192, 243, 125, 128, 35, 15, 119, 216, 143, 68, 70, 81, 196, 84, 117, 30, 45, 232, 70, 68, 196, 102, 102, 49, 210, 123, 102, 47, 47, 212, 76, 17, 16, 208, 67, 45, 147, 134, 22, 9, 62, 172, 15, 139, 186, 176, 176, 38, 139, 186, 217, 193, 113, 1, 74, 243, 62, 193, 209, 128, 17, 74, 149, 172, 247, 18, 22, 91, 243, 18, 193, 46, 236, 35, 218, 197, 149, 83, 228, 172, 110, 110, 244, 117, 124, 177, 26, 128, 8, 67, 18, 168, 121, 32, 225, 7, 149, 6, 214, 97, 158, 40, 8, 168, 77, 158, 92, 154, 88, 40, 19, 77, 67, 130, 92, 35, 128, 43, 6, 226, 61, 228, 88, 22, 61, 158, 92, 6, 214, 88, 7, 43, 243, 140, 67, 228, 37, 88, 67, 43, 67, 97, 133, 225, 20, 213, 247, 15, 243, 251, 37, 218, 67, 93, 85, 47, 102, 7, 204, 192, 82, 94, 196, 154, 35, 142, 79, 31, 118, 235, 144, 27, 201, 162, 195, 98, 86, 144, 101, 65, 96, 235, 56, 154, 217, 250, 142, 231, 97, 220, 154, 18, 250, 66, 84, 206, 115, 243, 78, 128, 218, 78, 193, 32, 115, 158, 128, 128, 49, 67, 6, 177, 212, 175, 175, 209, 3, 112, 115, 158, 184, 101, 98, 189, 144, 38, 69, 27, 176, 162, 189, 98, 235, 42, 25, 103, 139, 38, 188, 243, 85, 218, 5, 165, 30, 133, 245, 118]"
41024,"[43, 78, 250, 250, 67, 97, 149, 153, 76, 250, 16, 43, 62, 173, 76, 121, 14, 22, 92, 208, 243, 12, 198, 194, 8, 59, 125, 62, 243, 49, 218, 233, 165, 253, 18, 59, 12, 21, 123, 76, 243, 150, 217, 15, 250, 222, 10, 231, 18, 76, 247, 14, 246, 208, 243, 76, 208, 121, 218, 113, 76, 133, 252, 192, 243, 204, 70, 121, 197, 173, 29, 76, 142, 65, 231, 76, 76, 178, 59, 218, 175, 154, 76, 133, 92, 243, 246, 250, 247, 208, 62, 62, 125, 110, 133, 252, 243, 18, 76, 208, 110, 16, 43, 125, 62, 125, 208, 250, 175, 125, 243, 62, 76, 243, 16, 218, 224, 18, 18, 229, 188, 250, 250, 76, 243, 224, 76, 76, 250, 218, 76, 208, 67, 243, 208, 250, 246, 208, 76, 168, 220, 62, 16, 16, 243, 62, 62, 173, 125, 175, 51, 95, 121, 208, 24, 67, 210, 250, 220, 76, 173, 59, 224, 246, 218, 220, 121, 208, 168, 220, 175, 16, 255, 220, 75, 43, 62, 250, 16, 220, 18, 121, 224, 76, 218, 22, 59, 224, 75, 59, 76, 250, 40, 224, 236, 15, 6, 30, 128, 166, 83, 62, 62, 18, 76, 250, 142, 236, 229, 24, 173, 18, 14, 250, 62, 121, 18, 62, 121, 128, 250, 121, 121, 78, 121, 62, 128, 218, 76, 76, 121, 121, 62, 16, 128, 76, 62, 121, 243, 173, 185, 175, 243, 62, 121, 197, 18, 128, 66, 121, 76, 121, 152, 140, 185, 166, 67, 173, 76, 168, 76, 185, 250, 173, 29, 121, 18, 121, 173, 16, 67, 208, 121, 173, 76, 128, 22, 19, 115, 18, 76, 76, 16, 128, 29, 18, 173, 76, 121, 128, 16, 26, 168, 208, 121, 121, 218, 221, 62, 76, 67, 168, 248, 250, 142, 97, 76, 6, 74, 158, 155, 22, 77, 83, 67, 55, 193, 65, 7, 76, 55, 72, 212, 18, 22, 155, 24, 121, 121, 18, 216, 250, 112]"
41025,"[200, 68, 186, 176, 201, 162, 127, 80, 126, 126, 164, 201, 162, 127, 80, 126, 126, 164, 201, 162, 127, 80, 126, 126, 164, 201, 162, 127, 80, 126, 126, 164, 201, 162, 127, 80, 126, 126, 164, 201, 162, 127, 80, 126, 126, 164, 201, 162, 127, 80, 126, 126, 164, 201, 162, 127, 80, 126, 126, 164, 201, 162, 127, 80, 126, 126, 164, 201, 162, 127, 80, 126, 126, 164, 201, 162, 127, 80, 126, 126, 164, 201, 162, 127, 80, 126, 126, 164, 201, 162, 127, 80, 126, 126, 164, 201, 162, 127, 80, 126, 126, 164, 201, 162, 127, 80, 126, 126, 164, 201, 162, 127, 80, 126, 126, 164, 201, 162, 127, 80, 126, 126, 164, 201, 162, 127, 80, 126, 126, 164, 201, 162, 127, 80, 126, 126, 164, 201, 162, 127, 80, 126, 126, 164, 201, 162, 127, 80, 126, 126, 164, 201, 162, 127, 80, 126, 126, 164, 201, 162, 127, 80, 126, 126, 164, 201, 162, 127, 80, 174]"
41026,"[218, 128, 131, 62, 243, 121, 83, 218, 185, 72, 243, 183, 247, 78, 88, 8, 47, 125, 224, 134, 72, 8, 155, 43, 59, 243, 76, 72, 218, 218, 224, 132, 231, 76, 125, 128, 22, 59, 125, 216, 191, 97, 16, 233, 59, 243, 243, 76, 76, 218, 175, 72, 224, 231, 149, 76, 218, 218, 125, 72, 125, 43, 43, 16, 16, 168, 76, 62, 18, 76, 218, 218, 229, 168, 22, 59, 147, 175, 218, 76, 43, 6, 59, 121, 16, 218, 6, 108, 134, 196, 129, 8, 50, 149, 100, 158, 129]"
41027,"[136, 26, 26, 128, 22, 92, 83, 163, 58, 172, 163, 184, 172, 117, 111, 117, 58, 21, 240, 229, 173, 29, 57, 96, 184, 33, 59, 243, 168, 192, 117, 240, 250, 93, 244, 135, 135, 83, 81, 110, 122, 115, 255, 193, 32, 225, 20, 109, 209, 134, 192, 125, 232, 5, 96, 172, 64, 238, 191, 81, 218, 149, 191, 107, 199, 209, 241, 37, 114, 213, 209, 89, 79]"
41028,"[67, 131, 248, 142, 184, 209, 12, 203, 77, 131, 240, 232, 12, 209, 249, 87, 12, 113, 113, 182, 208, 150, 89, 10, 113, 113, 87, 19, 249, 48, 12, 5, 113, 12, 12, 12, 87, 48, 113, 113, 87, 209, 19, 12, 89, 113, 65, 12, 12, 192, 131, 118, 113, 113, 89, 107, 107, 107, 12, 113, 52, 182, 19, 200, 203, 86, 113, 113, 118, 107, 87, 86, 118, 113, 65, 165, 217, 131, 12, 209, 5, 113, 12, 107, 87, 192, 43, 218, 156, 12, 12, 87, 107, 12, 113, 113, 12, 19, 249, 182, 19, 210, 113, 12, 165, 12, 19, 12, 65, 113, 12, 107, 12, 87, 203, 21, 113, 12, 12, 107, 107, 89, 21, 113, 12, 182, 111, 186]"
42001,"[48, 2, 160, 241, 60, 58, 13, 57, 253, 171, 225, 233, 146, 120, 134, 131, 226, 65, 70, 160, 213, 253, 146, 92, 218, 4, 134, 11, 158, 11, 43, 14, 151, 213, 253, 30, 130, 95, 25, 166, 92, 133, 95, 216, 236, 16, 22, 212, 178, 95, 220, 125, 210, 175, 180, 92, 220, 224, 97, 16, 166, 216, 13, 104, 220, 45, 175, 66, 29, 43, 76, 112, 236, 14, 218, 130, 212, 95, 15, 45, 66, 14, 178, 43, 163, 43, 45, 221, 166, 224, 134, 26, 131, 95, 246, 66, 212, 251, 77, 224, 84, 218, 210, 178, 212, 13, 13, 236, 16, 66, 47, 55, 67, 57, 95, 66, 66, 63, 159, 0, 130, 134, 123, 155, 178, 192, 163, 15, 208, 175, 155, 206, 84, 208, 147, 63, 210, 155, 125, 45, 212, 95, 224, 8, 17, 84, 160, 59, 224, 95, 5, 155, 32, 134, 146, 253, 236, 22, 155, 95, 84, 160, 134, 61, 210, 155, 95, 125, 178, 192, 125, 175, 155, 178, 160, 13, 212, 236, 123, 155, 131, 95, 251, 146, 57, 81, 66, 131, 146, 209, 57, 134, 175, 155, 178, 134, 212, 95, 83, 218, 81, 207, 55, 173, 29, 236, 99, 4, 251, 253, 136, 229, 130, 240, 221, 207, 112, 46, 95, 236, 204, 20, 146, 159, 48, 217, 83, 218, 221, 133, 213, 253, 236, 247, 221, 221, 112, 253, 149, 224, 62, 250, 221, 251, 253, 134, 96, 198, 20, 20, 202, 236, 227, 30, 56, 218, 37, 251, 253, 160, 198, 73, 65, 184, 2, 160, 95, 188, 193, 240, 221, 158, 159, 213, 95, 30, 51, 81, 55, 55, 238, 95, 15, 51, 221, 251, 252, 244, 244, 137, 218, 17, 112, 253, 229, 196, 85, 51, 221, 133, 160, 244, 236, 244, 51, 81, 2, 236, 229, 95, 255, 81, 166, 253, 244, 244, 198, 30, 51, 51, 2, 160, 117, 136, 43, 81, 175, 130, 253, 213, 212, 198, 99, 204, 92, 133, 160, 160, 236, 250, 17, 158, 251, 108, 105, 180, 66, 5, 105, 84, 212, 108, 134, 17, 175, 231, 251, 3, 72, 178, 240, 22, 57, 251, 3, 84, 47, 155, 250, 130, 146, 92, 207, 43, 51, 179, 30, 62, 76, 193, 209, 240, 151, 32, 95, 207, 178, 146, 20, 60, 97, 63, 217, 150, 209, 194, 210, 236, 196, 83, 229, 229, 246, 151, 11, 3, 84, 136, 64, 81, 179, 198, 30, 63, 96, 73]"
42003,"[81, 51, 163, 83, 152, 132, 83, 14, 14, 183, 163, 24, 163, 163, 14, 221, 183, 247, 78, 24, 64, 14, 250, 78, 207, 132, 78, 183, 14, 16, 78, 132, 139, 132, 78, 51, 233, 152, 152, 152, 24, 85, 14, 16, 24, 85, 78, 85, 208, 166, 14, 224, 224, 24, 24, 78, 25, 221, 24, 191, 132, 132, 207, 25, 14, 152, 255, 78, 78, 132, 14, 14, 255, 145, 183, 132, 163, 14, 14, 24, 207, 132, 24, 207, 166, 221, 78, 183, 207, 75, 121, 37, 14, 78, 132, 24, 102, 24, 14, 166, 255, 255, 145, 24, 207, 221, 14, 24, 247, 78, 183, 132, 14, 14, 255, 147, 247, 43, 188, 166, 14, 24, 255, 132, 255, 78, 25, 221, 152, 102, 78, 183, 183, 51, 250, 85, 26, 24, 170, 255, 221, 25, 132, 255, 207, 255, 132, 70, 14, 26, 255, 145, 255, 255, 14, 14, 207, 75, 132, 183, 255, 25, 14, 255, 152, 132, 132, 255, 221, 14, 152, 255, 255, 255, 255, 166, 116, 24, 255, 207, 255, 255, 166, 221, 207, 255, 255, 255, 255, 14, 221, 78, 163, 255, 255, 152, 166, 166, 207, 255, 132, 132, 207, 166, 14, 24, 255, 207, 255, 207, 166, 25, 152, 197, 132, 255, 207, 14, 166, 255, 214]"
51001,"[83, 152, 51, 222, 248, 178, 95, 76, 131, 5, 14, 87, 15, 247, 42, 208, 14, 233, 192, 131, 217, 125, 139, 123, 246, 119, 247, 188, 67, 220, 14, 103, 153, 78, 139, 87, 163, 222, 113, 87, 15, 153, 182, 73, 113, 91, 153, 87, 87, 42, 208, 16, 233, 192, 216, 111, 199, 96, 99, 233, 125, 153, 165, 42, 125, 250, 233, 217, 188, 208, 62, 153, 5, 175, 208, 216, 12, 192, 228, 113, 52, 248, 131, 167, 45, 122, 234, 16, 121, 153, 192, 62, 153, 16, 222, 165, 165, 165, 125, 216, 103, 25, 228, 76, 220, 243, 220, 16, 5, 217, 15, 220, 216, 237, 27, 91, 62, 220, 24, 229, 153, 113, 113, 208, 62, 153, 57, 62, 14, 246, 247, 45, 139, 77, 131, 234, 66, 78, 64, 62, 72, 125, 210, 113, 74, 178, 77, 208, 168, 113, 225, 180, 72, 131, 77, 208, 14, 101, 71, 0, 67, 125, 153, 25, 40, 180, 177, 248, 168, 153, 51, 222, 114, 77, 72, 220, 132, 113, 28, 107, 77, 125, 85, 153, 241, 52, 167, 67, 131, 180, 180, 250, 25, 34, 3, 49, 158, 192, 14, 233, 130, 3, 125, 171, 228, 1, 91, 216, 146, 192, 132, 170, 222, 225, 12, 45, 6, 165, 114, 234, 225, 216, 177, 19, 44, 200, 234, 123, 150, 226, 12, 12, 87, 176, 27, 44, 180, 165, 98, 144, 241, 222, 71, 46, 32, 12, 177, 5, 225, 3, 178, 32, 87, 79, 225, 5, 180, 19, 19, 45, 72, 5, 60, 208, 168, 89, 115, 76, 218, 204, 77, 125, 168, 248, 132, 241, 225, 77, 131, 174, 174, 190, 164, 201, 162, 127, 80, 126, 126, 164, 201, 162, 189, 248, 168, 12, 225, 8, 173, 6, 92, 152, 133, 5, 5, 153, 170, 0, 78, 78, 14, 14, 247, 145, 78, 78, 228, 60, 60, 0, 67, 117, 154, 24, 27, 60, 77, 131, 248, 121, 24, 1, 113, 248, 67, 115, 208, 132, 51, 250, 121, 131, 248, 72, 178, 181, 16, 152, 26, 228, 19, 248, 142, 91, 105, 178, 3, 224, 197, 175, 7, 76, 45, 247, 150, 186, 176, 201, 162, 137, 247, 208, 208, 246, 16, 153, 208, 163, 87, 62, 16, 16, 220, 208, 78, 133, 96, 27, 27, 38, 62, 220, 119, 153, 99, 16, 165, 170, 165, 137, 132, 91, 233, 235, 235, 136, 208, 208, 246, 16, 119, 76, 153, 182, 57, 233, 103, 188, 62, 216, 84, 192, 233, 99, 45, 220, 220, 216, 100, 16, 16, 208, 100, 247, 78, 77, 233, 184, 136, 150, 12, 12, 165, 113, 113, 192, 15, 153, 87, 111, 39, 36, 125, 216, 171, 30, 153, 41, 113, 45, 15, 139, 192, 62, 222, 103, 24, 98, 200, 165, 111, 103, 128, 224, 24, 56, 6, 76, 66, 222, 19, 57, 177, 12, 177, 5, 88, 220, 132, 177, 192, 207, 40, 8, 180, 208, 154, 180, 220, 14, 225, 216, 42, 119, 247, 139, 113, 101, 32, 165, 177, 192, 173, 175, 60, 171, 170, 230, 177, 249, 181, 225, 208, 121, 228, 148, 247, 175, 166, 182, 19, 114, 115, 132, 181, 60, 77, 168, 177, 0, 135, 51, 22, 108, 19, 192, 24, 248, 142, 113, 32, 165, 44, 114, 248, 128, 175, 19, 182, 208, 78, 6, 40, 16, 132, 172, 247, 188, 188, 166, 113, 114, 108, 165, 177, 249, 60, 234, 76, 228, 114, 12, 230, 39, 201, 162, 127, 80, 126, 126, 164, 201, 162, 195, 190, 167, 188, 22, 234, 167, 228, 12, 230, 174, 39, 113, 248, 67, 67, 6, 216, 60, 113, 174, 86, 118, 177, 87, 101, 60, 96, 74, 228, 182, 19, 113, 101, 248, 6, 77, 228, 114, 7, 16, 75, 12, 79, 174, 190, 164, 201, 162, 127, 80, 126, 126, 164, 201, 162, 127, 80, 126, 126, 164, 201, 162, 127, 80, 126, 126, 164, 201, 162, 127, 80, 126, 126, 164, 201, 162, 127, 80, 126, 126]"
51003,"[207, 93, 145, 114, 70, 81, 63, 191, 58, 217, 117, 14, 35, 169, 191, 145, 92, 229, 110, 110, 145, 117, 145, 163, 145, 35, 240, 18, 62, 6, 32, 146, 70, 241, 214, 129, 149, 134, 59, 8, 8, 149, 59, 59, 59, 97, 50, 88, 129, 104, 11, 61, 97, 8, 21, 115, 149, 34, 243, 97, 34, 50, 134, 34, 213, 97, 131, 225, 34, 97, 231, 147, 59, 97, 50, 194, 34, 97, 149, 243, 243, 110, 50, 125, 149, 129, 224, 243, 40, 8, 8, 224, 145, 191, 117, 35, 35, 62, 147, 191, 26, 117, 110, 110, 145, 117, 191, 82, 213, 35, 51, 117, 117, 78, 188, 183, 14, 99, 62, 249, 231, 183, 208, 250, 110, 168, 168, 15, 208, 62, 218, 179, 145, 183, 117, 168, 76, 110, 25, 121, 243, 78, 78, 67, 218, 250, 188, 145, 62, 132, 61, 25, 218, 243, 18, 15, 76, 76, 16, 218, 243, 97, 243, 149, 34, 50, 110, 121, 18, 18, 3, 62, 128, 128, 168, 231, 168, 18, 163, 35, 128, 62, 168, 147, 15, 78, 168, 25, 168, 243, 78, 62, 78, 250, 250, 18, 117, 78, 188, 78, 250, 16, 62, 18, 125, 243, 168, 35, 128, 6, 11, 147, 168, 78, 246, 250, 18, 168, 62, 18, 18, 168, 250, 168, 18, 78, 18, 168, 18, 25, 18, 193, 74, 168, 168, 25, 250, 18, 78, 168, 243, 18, 250, 250, 119, 121, 149, 168, 62, 250, 250, 43, 62, 119, 78, 18, 25, 14, 183, 132, 78, 67, 105, 25, 14, 247, 168, 62, 121, 154, 40, 128, 173, 85, 168, 121, 247, 14, 128, 168, 121, 168, 78, 168, 25, 166, 168, 78, 72, 224, 117, 25, 142, 61, 168, 224, 62, 78, 250, 142, 135, 117, 121, 243, 24, 110, 250, 78, 243, 78, 168, 15, 14, 110, 76, 243, 147, 231, 243, 110, 25, 158, 61, 168, 76, 76, 184, 20, 61, 143, 149, 105, 134, 70, 70, 213, 61, 11, 108, 134, 70, 9, 236, 117, 11, 228, 191, 250, 41, 191, 135, 132, 100, 78, 14, 156, 191, 168, 78, 228, 172, 232, 241, 137, 18, 15, 117, 18, 99, 14, 11, 139, 191, 206, 137, 14, 241, 191, 78, 78, 78, 122, 241, 250, 18, 78, 183, 135, 15, 250, 99, 15, 18, 137, 163, 135, 179, 99, 102, 78, 78, 171, 137, 14, 241, 135, 135, 31, 187, 115, 1, 33, 104, 104, 182, 191, 11, 241, 70, 94, 109, 135, 58, 135, 234, 241, 244, 170, 226, 170, 206, 194, 194, 104, 97, 235, 109, 94, 21, 21, 191, 191, 135, 171, 135, 181, 234, 58, 135, 191, 182, 94, 241, 20, 226, 104, 135, 191, 114, 241, 241, 191, 104, 191, 107, 104, 241, 241, 191, 109, 31, 187, 191, 21, 181, 187, 86, 191, 191, 135, 241, 70, 191, 135, 135, 107, 104, 241, 241, 187, 11, 135, 107, 191, 184, 241, 114, 115, 235, 135, 213, 20, 70, 237, 135, 191, 191, 199, 70, 70, 11, 191, 135, 114, 191, 241, 241, 71, 213, 135, 171, 58, 241, 241, 186, 206, 135, 191, 135, 181, 194, 135, 11, 108, 224, 94, 194, 234, 191, 109, 31, 213, 109, 33, 33, 94, 191, 206, 226, 104, 33, 88, 244, 191, 109, 109, 118, 88, 33, 109, 191, 191, 213, 109, 88, 33, 94, 160, 109, 191, 244, 181, 225, 32, 186]"
51004,"[43, 49, 220, 247, 221, 35, 45, 152, 49, 78, 45, 14, 250, 43, 43, 63, 92, 207, 7, 175, 24, 182, 248, 45, 207, 51, 222, 165, 192, 85, 43, 45, 221, 51, 131, 217, 158, 192, 207, 218, 175, 135, 150, 248, 62, 26, 221, 14, 102, 24, 228, 165, 102, 175, 91, 207, 84, 97, 220, 212, 88, 5, 180, 76, 132, 207, 15, 25, 221, 24, 247, 119, 183, 183, 51, 16, 220, 208, 26, 208, 147, 151, 123, 247, 64, 83, 102, 64, 221, 221, 247, 247, 102, 207, 75, 175, 194, 229, 152, 102, 119, 229, 14, 8, 178, 47, 49, 75, 224, 66, 221, 207, 64, 119, 183, 183, 51, 8, 224, 220, 152, 84, 43, 233, 5, 130, 92, 150, 120, 235, 91, 51, 85, 85, 83, 247, 152, 221, 156, 167, 85, 168, 84, 97, 175, 233, 24, 85, 72, 220, 55, 66, 221, 173, 220, 45, 15, 173, 210, 66, 75, 64, 49, 228, 76, 175, 218, 76, 43, 207, 97, 49, 128, 175, 152, 130, 32, 95, 220, 250, 51, 45, 220, 152, 24, 220, 128, 5, 152, 125, 43, 72, 125, 250, 14, 158, 192, 45, 220, 208, 14, 175, 220, 78, 243, 168, 220, 233, 16, 220, 72, 76, 49, 72, 218, 66, 121, 84, 57, 192, 216, 103, 16, 154, 247, 178, 12, 192, 250, 210, 95, 67, 178, 92, 84, 155, 175, 141, 212, 62, 76, 125, 250, 175, 165, 172, 67, 72, 224, 16, 155, 45, 133, 134, 220, 178, 5, 210, 192, 6, 95, 24, 165, 240, 156, 152, 220, 238, 191, 0, 221, 151, 12, 67, 131, 92, 43, 40, 210, 24, 247, 247, 247, 15, 221, 51, 247, 43, 49, 24, 3, 210, 66, 158, 165, 0, 169, 230, 36, 221, 152, 87, 207, 6, 95, 221, 221, 0, 150, 108, 57, 141, 221, 221, 67, 125, 220, 119, 220, 176, 16, 224, 85, 72, 224, 180, 16, 221, 77, 180, 57, 45, 119, 221, 221, 220, 220, 122, 237, 137, 222, 99, 229, 220, 148, 216, 84, 222, 36, 247, 229, 152, 43, 224, 5, 210, 216, 165, 137, 193, 77, 210, 175, 57, 171, 150, 177, 165, 60, 39, 98, 98, 56, 152, 133, 155, 166, 230, 3, 45, 24, 180, 175, 60, 42, 247, 152, 230, 42, 51, 233, 228, 153, 108, 220, 202, 27, 101, 77, 45, 202, 230, 119, 14, 36, 154, 56, 145, 6, 134, 222, 36, 152, 220, 235, 79, 174, 126]"
51005,"[81, 218, 105, 224, 212, 67, 125, 35, 91, 130, 253, 43, 197, 85, 51, 151, 170, 13, 207, 6, 95, 128, 222, 0, 130, 209, 19, 192, 14, 218, 72, 84, 212, 102, 45, 204, 155, 180, 49, 26, 255, 207, 221, 233, 19, 248, 207, 45, 207, 221, 233, 178, 177, 192, 45, 192, 204, 37, 173, 224, 207, 207, 133, 155, 151, 77, 43, 131, 57, 146, 20, 8, 224, 83, 154, 32, 13, 88, 5, 13, 209, 92, 227, 226, 22, 5, 108, 95, 75, 108, 13]"
51006,"[51, 14, 45, 247, 132, 207, 152, 14, 241, 152, 227, 11, 102, 132, 14, 221, 152, 152, 85, 153, 45, 14, 175, 216, 172, 78, 24, 152, 14, 221, 85, 78, 24, 132, 24, 222, 123, 43, 131, 132, 85, 24, 14, 60, 45, 163, 207, 207, 45, 221, 221, 64, 207, 85, 130, 248, 233, 28, 23, 115, 85, 152, 152, 166, 233, 153, 45, 24, 153, 45, 221, 66, 34, 158, 92, 67, 72, 8, 218, 76, 45, 78, 153, 132, 116, 51, 152, 207, 45, 24, 121, 210, 166, 153, 130, 23, 45, 45, 14, 221, 43, 85, 45, 132, 115, 233, 36, 82, 135, 174, 190, 126, 164, 201, 162, 127, 80, 126, 126, 164, 201, 162, 127, 80, 190, 167, 204, 20, 92, 152, 77, 152, 132, 20, 116, 152, 83, 152, 207, 145, 221, 51, 85, 150, 23, 11, 207, 14, 81, 152, 152, 152, 227, 92, 210, 194, 76, 220, 208, 49, 152, 123, 233, 165, 125, 212, 49, 152, 16, 221, 152, 15, 64, 152, 212, 221, 81, 49, 247, 152, 152, 207, 123, 221, 196, 49, 45, 125, 153, 123, 66, 6, 92, 45, 153, 13, 204, 9, 145, 152, 178, 247, 153, 123, 221, 243, 83, 63, 134, 85, 218, 51, 152, 207, 125, 34, 220, 218, 218, 220, 125, 220, 152, 208, 66, 66, 45, 247, 152, 45, 178, 51, 221, 152, 220, 207, 85, 84, 204, 123, 95, 49, 208, 125, 49, 218, 175, 95, 145, 208, 45, 45, 233, 155, 212, 125, 45, 216, 192, 221, 233, 192, 125, 178, 152, 152, 233, 233, 115, 83, 49, 45, 152, 51, 66, 82, 92, 78, 158, 165, 22, 184, 95, 49, 63, 192, 83, 233, 20, 134, 15, 64, 152, 45, 222, 123, 153, 208, 130, 92, 84, 22, 155, 58, 78, 207, 47, 207, 233, 221, 145, 238, 230, 58, 58, 37, 14, 83, 207, 26, 207, 251, 70, 51, 227, 89, 23, 0, 85, 204, 240, 24, 58, 11, 69, 136, 14, 246, 229, 145, 26, 255, 58, 60, 221, 227, 92, 130, 48, 0, 221, 184, 3, 220, 227, 217, 255, 221, 221, 227, 58, 171, 115, 255, 35, 37, 47, 207, 49, 207, 163, 116, 204, 217, 72, 220, 255, 114, 240, 151, 92, 132, 114, 23, 92, 14, 156, 44, 48, 48, 58, 255, 204, 123, 130, 146, 226, 13, 48, 37, 14, 207, 26, 24, 0, 63, 28, 60, 199, 209, 23, 48, 167, 14, 65, 13, 132, 217, 150, 23, 37, 37, 178, 59, 227, 199, 146, 65, 240, 132, 12, 217, 83, 251, 241, 4, 3, 178, 182, 11, 163, 52, 101, 226, 198, 135, 207, 145, 184, 70, 188, 130, 146, 23, 0, 156, 205, 70, 230, 152, 150, 92, 221, 116, 63, 23, 214, 191, 150]"
51007,"[43, 250, 25, 115, 18, 243, 168, 6, 234, 241, 229, 121, 18, 228, 32, 234, 234, 74, 78, 78, 18, 243, 110, 142, 115, 168, 32, 77, 76, 22, 234, 74, 18, 243, 78, 149, 142, 7, 132, 115, 6, 231, 168, 234, 7, 6, 77, 228, 115, 74, 250, 142, 32, 74, 132, 74, 168, 22, 234, 168, 18, 18, 200, 114, 241, 225, 177, 120, 147, 6, 104, 234, 70, 18, 18, 93, 213, 121, 35, 7, 168, 149, 228, 182, 77, 142, 225, 32, 226, 68, 187, 104, 234, 234, 32, 231, 78, 182, 191, 142, 41, 32, 74, 132, 115, 76, 232, 181, 236, 61, 149, 182, 115, 22, 225, 211, 177, 32, 77, 132, 234, 241, 19, 211, 147, 177, 77, 218, 218, 6, 68, 32, 74, 67, 22, 194, 182, 77, 131, 120, 62, 22, 113, 104, 74, 228, 74, 67, 218, 41, 32, 120, 115, 62, 193, 225, 5, 12, 32, 19, 74, 62, 110, 225, 12, 107, 77, 6, 74, 22, 194, 6, 77, 43, 62, 6, 194, 65, 19, 19, 231, 62, 243, 250, 142, 32, 209, 77, 76, 6, 99, 250, 18, 12, 31, 115, 18, 225, 194, 54, 120, 182, 249, 104, 194, 234, 77, 193, 74, 62, 121, 234, 234, 74, 193, 10, 104, 32, 184, 181, 19, 209, 187, 19, 19, 234, 7, 158, 59, 182, 32, 248, 142, 225, 165, 182, 19, 231, 62, 22, 234, 120, 31, 200, 114, 200, 7, 110, 149, 165, 199, 96, 200, 7, 142, 97, 19, 19, 249, 182, 234, 99, 228, 19, 182, 77, 149, 225, 194, 104, 74, 193, 19, 19, 41, 234, 59, 104, 187, 114, 32, 225, 5, 18, 187, 115, 18, 104, 234, 234, 32, 74, 78, 149, 114, 241, 234, 115, 228, 32, 104, 6, 70, 9, 213, 18, 18, 199, 61, 41, 194, 187, 187, 74, 168, 32, 234, 234, 32, 187, 182, 182, 214, 194, 41, 54, 231, 168, 187, 115, 22, 234, 177, 32, 182, 120, 187, 234, 234, 74, 6, 182, 182, 32, 241, 234, 54, 187, 182, 187, 182, 225, 234, 120, 10, 96, 114, 187, 234, 234, 32, 32, 182, 182, 104, 70, 184, 114, 187, 32, 182, 115, 225, 234, 177, 32, 182, 58, 170, 234, 234, 54, 182, 114, 182, 177, 234, 60, 160, 96, 114, 96, 114, 225, 41, 114, 96, 211, 31, 115, 142, 225, 54, 187, 182, 114, 104, 234, 60, 177, 180, 19, 31, 114, 194, 41, 104, 61, 114, 19, 54, 241, 181, 143, 206, 214, 13, 114, 234, 234, 32, 104, 32, 104, 115, 113, 225, 104, 182, 114, 200]"
51008,"[203, 190, 176, 241, 171, 189, 174, 235, 118, 241, 181, 98, 174, 174, 135, 174, 21, 184, 209, 13, 79, 174, 190, 164, 201, 162, 127, 174, 235, 118, 241, 60, 107, 89, 106, 73, 226, 155, 21, 171, 89, 209, 13, 226, 21, 21, 48, 118, 107, 118, 107, 184, 27, 98, 189, 199, 96, 199, 184, 101, 118, 107, 96, 235, 107, 21, 27, 162, 195, 80, 126, 126, 164, 201, 162, 127, 80, 126, 126, 164, 201, 162, 195, 174, 86, 118, 39, 27, 162, 127, 80, 126, 126, 164, 201, 162, 127, 80, 126, 126, 164, 201, 162, 127, 80, 126, 126, 164, 201, 162, 127, 80, 126, 126, 164, 201, 162, 127, 80, 126, 126, 164, 201, 162, 127, 80, 126, 126, 164, 201, 162, 127, 80, 126, 126, 164, 201, 162, 127, 80, 126, 126, 164, 201, 162, 127, 80, 126, 126, 164, 201, 162, 127, 80, 126, 126, 164, 201, 162, 127, 80, 126, 126, 164, 201, 162, 127, 80, 190, 190, 176, 21, 162, 195, 80, 190, 127, 176, 138]"
51009,"[67, 67, 142, 241, 85, 228, 94, 132, 94, 51, 14, 132, 248, 145, 24, 67, 233, 116, 75, 12, 248, 168, 63, 28, 27, 162, 195, 38, 139, 137, 222, 52, 118, 200, 107, 107, 111, 176, 65, 96, 200, 107, 19, 182, 60, 60, 10, 107, 114, 182, 114, 101, 176, 107, 107, 114, 114, 114, 60, 101, 10, 114, 114, 32, 19, 5, 113, 107, 107, 170, 114, 114, 28, 60, 107, 182, 114, 118, 200, 1, 60, 44, 58, 118, 107, 200, 60, 60, 44, 199, 96, 111, 107, 181, 221, 82, 249, 177, 57, 249, 1, 36, 24, 48, 118, 249, 249, 1, 1, 107, 200, 249, 107, 107, 1, 91, 83, 131, 167, 43, 26, 51, 222, 46, 96, 114, 44, 114, 60, 70, 209, 200, 177, 12, 114, 241, 28, 98, 200, 107, 107, 203, 176, 1, 107, 118, 107, 235, 107, 1, 101, 48, 199, 96, 200, 107, 1, 1, 98, 86, 203, 107, 213, 176, 27, 174, 107, 107, 118, 200, 65, 184, 96, 200, 107, 48, 107, 21, 27, 189, 107, 235, 107, 107, 1, 21, 249, 107, 107, 107, 107, 1, 101, 107, 107, 107, 107, 107, 65, 184, 44, 107, 107, 235, 200, 1, 101, 107, 107, 107, 199, 209, 1, 184, 235, 199, 96, 111, 170, 21, 101, 107, 107, 107, 118, 107, 21, 1, 226, 226, 160, 10, 134, 234, 28, 107, 86, 12, 200, 10, 234, 234, 57, 10, 95, 96, 31, 33, 210, 10, 165, 182, 182, 200, 41, 210, 57, 120, 57, 32, 200, 60, 88, 44, 32, 182, 111, 107, 1, 1, 111, 111, 226, 107, 107, 65, 184, 209, 226, 226, 111, 94, 65, 21, 107, 107, 226, 226, 44, 176, 101, 118, 107, 107, 249, 94, 65, 21, 98, 189, 174, 190, 126, 164, 201, 162, 127, 80, 126, 126, 164, 201, 162, 127, 80, 126, 126, 164, 201, 162, 127, 80, 126, 126, 164, 201, 162, 127, 80, 126, 126, 164, 201, 162, 127, 80, 126, 126, 164, 201, 162, 127, 80, 126, 126, 164, 201, 162, 127, 80, 126, 126]"
51010,"[184, 241, 0, 255, 47, 112, 212, 70, 166, 117, 161, 92, 102, 26, 14, 20, 214, 255, 248, 255, 58, 151, 37, 152, 163, 47, 145, 255, 81, 221, 255, 85, 132, 58, 202, 205, 88, 214, 214, 11, 117, 153, 65, 70, 171, 255, 161, 171, 170, 28, 60, 87, 255, 255, 132, 136, 233, 14, 135, 24, 152, 139, 170, 241, 205, 87, 207, 64, 24, 172, 156, 60, 102, 191, 227, 48, 0, 14, 181, 115, 158, 165, 114, 226, 241, 241, 150, 114, 114, 114, 58, 241, 225, 220, 191, 45, 230, 247, 14, 116, 153, 114, 217, 24, 207, 142, 60, 230, 114, 171, 24, 230, 60, 181, 182, 167, 26, 207, 150, 28, 241, 87, 247, 152, 132, 43, 233, 233, 85, 24, 152, 152, 230, 60, 221, 48, 141, 152, 171, 119, 14, 60, 148, 139, 42, 228, 137, 14, 179, 115, 62, 67, 208, 183, 218, 204, 32, 187, 0, 152, 171, 60, 222, 87, 79, 115, 132, 153, 181, 7, 153, 230, 24, 87, 45, 14, 51, 85, 75, 167, 132, 24, 151, 70, 132, 145, 135, 85, 255, 14, 151, 0, 132, 171, 170, 135, 14, 14, 23, 0, 102, 207, 132, 234, 60, 0, 26, 132, 171, 132, 28, 60, 182, 171, 135, 132, 170, 241, 151, 0, 207, 132, 58, 255, 90, 60, 171, 170, 114, 114, 114, 225, 7, 228, 0, 24, 114, 171, 60, 60, 177, 23, 115, 121, 255, 51, 233, 0, 227, 48, 114, 114, 65, 28, 23, 115, 26, 207, 23, 37, 175, 114, 114, 158, 19, 248, 204, 234, 182, 77, 112, 124, 87, 60, 113, 32, 12, 44, 115, 153, 234, 60, 44, 182, 13, 177, 19, 60, 90, 87, 114, 23, 0, 26, 28, 205, 171, 58, 255, 145, 255, 233, 116, 132, 45, 75, 191, 132, 5, 65, 124, 12, 115, 75, 107, 116, 151, 89, 79, 114, 114, 114, 234, 113, 19, 19, 182, 114, 87, 234, 113, 114, 32, 87, 98, 170, 241, 234, 114, 148, 163, 183, 132]"
51011,"[107, 94, 181, 225, 57, 187, 32, 249, 249, 181, 33, 31, 242, 211, 68, 104, 41, 41, 19, 200, 79, 135, 168, 70, 33, 187, 249, 177, 249, 104, 194, 52, 104, 120, 120, 104, 68, 70, 99, 18, 129, 187, 187, 170, 194, 41, 143, 187, 94, 143, 224, 88, 194, 54, 187, 168, 143, 108, 5, 88, 143, 68, 143, 120, 199, 194, 5, 76, 68, 68, 182, 187, 41, 41, 168, 187, 108, 224, 54, 225, 194, 191, 54, 54, 168, 249, 21, 181, 143, 12, 68, 143, 242, 40, 175, 104, 59, 104, 87, 171, 41, 70, 54, 120, 115, 202, 213, 41, 5, 249, 32, 68, 177, 95, 194, 113, 235, 31, 104, 187, 12, 50, 234, 165, 104, 68, 59, 12, 225, 40, 108, 104, 94, 12, 76, 50, 40, 224, 104, 32, 249, 168, 194, 225, 143, 168, 104, 177, 177, 225, 40, 168, 168, 249, 168, 249, 194, 8, 134, 134, 97, 180, 177, 88, 8, 134, 68, 97, 177, 84, 88, 1, 10, 108, 211, 173, 34, 8, 50, 54, 226, 12, 168, 68, 225, 40, 180, 187, 168, 32, 104, 181, 33, 97, 68, 32, 168, 104, 41, 194, 54, 104, 170, 94, 108, 180, 5, 168, 187, 32, 114, 11, 41, 50, 143, 180, 182, 97, 187, 181, 41, 143, 180, 120, 168, 180, 8, 194, 242, 143, 19, 68, 115, 181, 33, 97, 68, 68, 249, 177, 33, 88, 105, 180, 68, 68, 226, 181, 241, 104, 177, 180, 249, 104, 40, 5, 120, 97, 104, 108, 180, 5, 41, 213, 187, 97, 187, 226, 194, 241, 115, 115, 104, 115, 32, 234, 241, 108, 180, 12, 44, 94, 41, 194, 18, 68, 105, 224, 182, 128, 41, 54, 168, 104, 182, 68, 181, 7, 18, 115, 168, 32, 59, 194, 33, 187, 32, 32, 209, 61, 128, 128, 115, 105, 59, 168, 149, 88, 50, 149, 115, 97, 168, 153]"
51012,"[82, 114, 241, 116, 228, 114, 114, 58, 26, 222, 156, 191, 183, 132, 170, 135, 156, 21, 167, 102, 132, 58, 248, 25, 221, 83, 85, 83, 247, 150, 184, 27, 98, 189, 86, 86, 186, 176, 65, 89, 86, 118, 174, 86, 91, 81, 83, 63, 209, 96, 174, 176, 201, 162, 127, 80, 126, 126, 164, 201, 162, 127, 80, 126, 126, 164, 201, 162, 127, 80, 126, 126, 164, 201, 162, 127, 80, 126]"
51013,"[85, 168, 15, 110, 250, 121, 18, 183, 18, 168, 110, 35, 121, 168, 18, 78, 62, 110, 7, 62, 18, 15, 78, 18, 250, 250, 62, 243, 18, 62, 18, 250, 128, 197, 18, 100, 168, 18, 250, 16, 76, 76, 243, 76, 149, 16, 149, 76, 121, 149, 224, 18, 128, 8, 208, 76, 76, 78, 18, 246, 250, 76, 18, 208, 243, 78, 250, 99, 76, 117, 18, 18, 18, 99, 16, 76, 140, 100, 117, 183, 232, 99, 149, 168, 168, 18, 168, 110, 99, 168, 183, 229, 18, 77, 16, 110, 216, 74, 243, 18, 62, 25, 142, 100, 18, 62, 18, 168, 110, 41, 61, 149, 76, 243, 18, 16, 110, 168, 197, 18, 243, 168, 110, 41, 77, 18, 119, 15, 117, 128, 17, 173, 197, 18, 78, 147, 110, 250, 102, 18, 183, 183, 18, 110, 166, 168, 168, 183, 168, 62, 14, 14, 121, 18, 75, 183, 168, 5, 99, 168, 197, 15, 168, 18, 166, 88, 231, 149, 229, 168, 121, 88, 99, 62, 18, 75, 152, 147, 61, 241, 56, 139, 171, 78, 102, 88, 25, 154, 64, 132, 170, 58]"
51014,"[151, 155, 146, 34, 197, 95, 212, 233, 5, 209, 165, 192, 131, 95, 175, 155, 134, 95, 216, 253, 13, 123, 4, 95, 192, 72, 165, 207, 66, 4, 77, 49, 49, 173, 192, 66, 4, 13, 3, 192, 207, 45, 66, 233, 248, 153, 115, 158, 192, 218, 22, 248, 196, 49, 168, 76, 218, 233, 92, 121, 121, 45, 45, 222, 234, 95, 43, 154, 43, 130, 40, 210, 77, 67, 125, 121, 158, 113, 151, 213, 43, 130, 77, 6, 225, 155, 77, 67, 125, 178, 67, 66, 166, 248, 121, 6, 209, 115, 142, 234, 12, 77, 168, 253, 158, 128, 66, 13, 112, 220, 55, 212, 155, 225, 125, 43, 45, 180, 134, 225, 225, 84, 43, 173, 72, 158, 5, 3, 76, 158, 3, 125, 43, 128, 175, 77, 76, 76, 158, 77, 218, 22, 77, 43, 6, 192, 72, 218, 22, 192, 121, 76, 158, 236, 218, 22, 3, 72, 67, 125, 67, 218, 22, 180, 76, 75, 57, 77, 128, 22, 180, 67, 67, 6, 180, 142, 181, 43, 72, 72, 84, 3, 22, 225, 77, 62, 6, 57, 77, 142, 225, 192, 62, 67, 178, 72, 22, 123, 43, 72, 67, 78, 228]"
51015,"[43, 178, 123, 221, 152, 49, 152, 152, 152, 66, 221, 45, 117, 220, 132, 26, 66, 66, 152, 212, 207, 49, 49, 151, 5, 192, 45, 212, 47, 13, 17, 8, 125, 220, 212, 6, 95, 4, 155, 180, 134, 220, 227, 146, 5, 113, 192, 47, 212, 23, 192, 4, 123, 84, 134, 125, 208, 6, 155, 113, 12, 192, 47, 26, 125, 218, 175, 13, 125, 125, 95, 95, 4, 155, 180, 19, 253, 67, 216, 5, 240, 125, 43, 125, 72, 72, 155, 81, 47, 125, 43, 45, 47, 22, 155, 3, 212, 72, 178, 72, 155, 81, 47, 125, 134, 130, 180, 155, 81, 47, 49, 49, 131, 12, 123, 81, 49, 67, 134, 47, 6, 155, 218, 72, 95, 45, 77, 178]"
51016,"[43, 67, 153, 43, 250, 250, 121, 67, 43, 67, 67, 158]"
52001,"[209, 96, 12, 65, 28, 199, 248, 193, 13, 32, 155, 81, 49, 145, 46, 13, 19, 123, 156, 2, 214, 192, 62, 62, 22, 225, 13, 89, 12, 236, 196, 51, 51, 161, 192, 78, 63, 236, 218, 17, 252, 228, 217, 62, 43, 204, 184, 30, 183, 145, 169, 167, 142, 184, 231, 178, 217, 62, 83, 110, 222, 217, 193, 231, 121, 255, 142, 184, 30, 76, 255, 193, 192, 51, 35, 58, 191, 163, 251, 213, 5, 90, 12, 200, 92, 83, 130, 65, 184, 192, 188, 83, 67, 140, 142, 37, 140, 29, 180, 252, 193, 184, 70, 217, 62, 67, 220, 229, 35, 70, 22, 245, 11, 75, 29, 185, 90, 77, 158, 2, 146, 30, 35, 155, 30, 229, 117, 163, 255, 128, 17, 140, 55, 72, 245, 77, 4, 37, 67, 158, 209, 124, 248, 51, 185, 252, 112, 92, 130, 213, 88, 37, 55, 130, 146, 115, 228, 21, 21, 172, 150, 92, 229, 229, 204, 184, 11, 78, 172, 145, 75, 234, 21, 217, 145, 2, 213, 6, 184, 70, 209, 214, 213, 96, 147, 184, 184, 226, 160, 160, 214, 214, 9, 241, 170, 58, 30, 196, 147, 70, 184, 30, 62, 158, 140, 213, 22, 20, 226, 96, 209, 213, 117, 14, 241, 96, 96, 79, 174, 190, 164, 201, 162, 127, 80, 126, 126, 164, 201, 162, 127, 80, 126, 126, 164, 201, 162, 127, 80]"
52003,"[65, 116, 152, 163, 163, 145, 208, 246, 14, 26, 78, 247, 43, 62, 142, 241, 78, 228, 132, 78, 158, 91, 166, 92, 62, 62, 158, 115, 250, 14, 67, 43, 228, 43, 43, 218, 66, 193, 13, 253, 253, 108, 8, 66, 13, 77, 29, 119, 67, 222, 28, 217, 62, 78, 67, 43, 81, 204, 192, 62, 247, 24, 26, 250, 166, 43, 43, 78, 153, 58, 51, 222, 172, 78, 78, 247, 24, 246, 14, 43, 125, 49, 121, 62, 250, 166, 87, 121, 247, 121, 121, 166, 116, 188, 208, 132, 121, 78, 221, 233, 19, 217, 18, 145, 168, 166, 250, 153, 192, 112, 172, 188, 204, 225, 212, 62, 163, 188, 208, 246, 156, 118, 11, 235, 217, 243, 218, 91, 24, 78, 132, 248, 208, 128, 233, 192, 67, 251, 59, 96]"
52004,"[203, 190, 126, 126, 164, 201, 162, 127, 80, 126, 126, 164, 201, 162, 127, 80, 126, 126, 126]"
52005,"[85, 81, 16, 6, 19, 146, 214, 214, 181, 113, 12, 199, 96, 209, 12, 184, 240, 130, 12, 217, 228, 182, 21, 113, 89, 89, 107, 96, 209, 113, 113, 209, 209, 209, 12, 95, 110, 204, 12, 182, 165, 167, 83, 204, 5, 167, 169, 209, 12, 12, 5, 5, 12, 114, 192, 131, 192, 204, 5, 48, 217, 163, 12, 118, 101, 184, 235, 189, 80, 190, 126, 164, 201, 162, 195, 174, 118, 190, 164, 201, 162, 127, 80, 126, 126, 164, 201, 106, 118, 223, 190, 126, 164, 27, 167, 63, 96, 118, 79, 176, 65, 146, 209, 48, 92, 63, 184, 27, 148, 169]"
53001,"[218, 218, 134, 119, 163, 163, 83, 232, 99, 78, 168, 62, 173, 76, 250, 16, 62, 62, 168, 220, 163, 241, 21, 31, 114, 96, 249, 165, 11, 155, 255, 147, 198, 244, 47, 81, 179, 11, 117, 163, 135, 141, 123, 179, 198, 198, 244, 71, 96, 70, 81, 30, 45, 198, 236, 117, 184, 60, 44, 165, 132, 78, 208, 25, 175, 236, 47, 244, 30, 229, 16, 241, 236, 49, 47, 229, 139, 116, 81, 26, 95, 95, 132, 191, 51, 151, 11, 61, 163, 171, 207, 14, 221, 171, 183, 24, 132, 255, 221, 14, 45, 132, 163, 132, 24, 14, 14, 152, 152, 152, 24, 45, 16, 221, 78, 45, 152, 125, 78, 14, 51, 121, 220, 152, 152, 24, 166, 36, 24, 24, 132, 136, 152, 221, 221, 24, 78, 78, 78, 247, 246, 222, 163, 24, 0, 255, 45, 246, 250, 43, 43, 125, 24, 26, 51, 14, 67, 131, 78, 247, 255, 25, 222, 0, 255, 49, 152, 152, 221, 166, 115, 255, 152, 132, 45, 221, 241, 45, 121, 125, 67, 220, 14, 14, 132, 0, 75, 192, 168, 222, 7, 220, 43, 43, 168, 26, 66, 25, 207, 255, 152, 45, 45, 16, 7, 45, 75, 45, 0, 255, 166, 37, 207, 158, 192, 45, 153, 90, 113, 23, 77, 43, 153, 45, 166, 166, 115, 153, 2, 214, 177, 113, 14, 158, 19, 19, 87]"
53002,"[203, 241, 241, 171, 135, 171, 135, 163, 39, 103, 163, 135, 163, 117, 163, 14, 241, 163, 163, 163, 191, 163, 14, 14, 135, 135, 163, 163, 171, 27, 60, 171, 191, 117, 147, 117, 14, 241, 11, 255, 117, 145, 145, 14, 205, 191, 11, 47, 147, 11, 14, 241, 117, 163, 170, 157, 191, 25, 35, 117, 183, 163, 183, 145, 81, 25, 117, 147, 117, 183, 191, 181, 181, 11, 198, 145, 191, 191, 25, 20, 191, 183, 183, 47, 117, 14, 35, 136, 132, 244, 163, 244, 14, 81, 47, 117, 11, 24, 196, 14, 222, 45, 117, 47, 191, 135, 51, 246, 78, 63, 11, 157, 141, 81, 81, 141, 117, 198, 172, 227, 184, 205, 141, 49, 244, 64, 135, 222, 36, 64, 47, 117, 47, 244, 14, 116, 131, 87, 11, 206, 71, 33, 101, 171, 171, 30, 64, 47, 81, 36, 64, 198, 196, 227, 244, 205, 240, 152, 47, 47, 83, 119, 36, 81, 64, 227, 244, 135, 47, 51, 14, 47, 244, 47, 157, 136, 81, 81, 83, 119, 163, 135, 163, 14, 81, 11, 178, 191, 171, 163, 27, 27, 171, 78, 163, 119, 78, 246, 14, 78, 78, 78, 119, 78, 14, 14, 78, 78, 78, 78, 78, 14, 14, 119, 183, 183, 183, 145, 14, 51, 78, 78, 78, 132, 132, 14, 222, 78, 78, 78, 132, 183, 14, 14, 78, 78, 255, 130, 191, 14, 103, 247, 15, 119, 78, 208, 246, 246, 78, 64, 119, 247, 15, 232, 103, 153, 38, 83, 119, 247, 51, 246, 139, 172, 78, 247, 150, 21, 113, 42, 78, 188, 247, 153, 39, 36, 24, 206, 182, 12, 87, 91, 233, 237, 206, 165, 249, 87, 36, 232, 137, 183, 38, 208, 131, 113, 66, 15, 153, 12, 165, 102, 91, 233, 132, 135, 237, 165, 163, 241, 113, 163, 135, 135, 208, 229, 142, 113, 87, 137, 208, 249, 87, 36, 233, 78, 208, 229, 229, 220, 142, 5, 87, 163, 217, 208, 45, 246, 233, 148, 208, 64, 153, 171, 27, 101, 171, 135, 139, 56, 15, 222, 113, 56, 247, 122, 135, 137, 246, 233, 139, 171, 24, 163, 163, 51, 66, 208, 229, 153, 249, 12, 113, 16, 137, 229, 24, 42, 216, 16, 66, 78, 125, 247, 152, 24, 142, 91, 220, 49, 85, 208, 125, 232, 233, 152, 207, 208, 153, 114, 36, 222, 141, 220, 132, 145, 230, 116, 221, 208, 216, 106, 44, 87, 241, 156, 87, 78, 42, 247, 24, 221, 51, 26, 208, 132, 153, 192, 233, 113, 203, 148, 64, 139, 114, 221, 221, 208, 24, 45, 150, 248, 233, 60, 171, 171, 207, 207, 121, 232, 60, 87, 64, 78, 139, 87, 103, 221, 230, 132, 165, 136, 207, 233, 241, 100, 229, 152, 247, 153, 241, 1, 208, 78, 64, 24, 153, 16, 222, 42, 45, 207, 178, 255, 233, 14, 109, 58, 227, 79, 248, 233, 113, 10, 220, 230, 230, 26, 51, 222, 42, 183, 163, 150, 0, 222, 60, 87, 171, 167, 24, 87, 14, 113, 135, 188, 45, 152, 78, 113, 7, 178, 191, 188, 85, 26, 233, 176, 71, 111, 203, 0, 132, 175, 181, 0, 163, 230, 48, 48, 225, 123, 178, 48, 58, 26, 207, 233, 225, 95, 43, 153, 174, 230, 27, 101, 115, 125, 82, 23, 58]"
53003,"[65, 5, 30, 188, 131, 96, 237, 123, 123, 47, 49, 208, 208, 169, 113, 123, 131, 192, 125, 153, 192, 123, 66, 49, 125, 83, 131, 59, 5, 123, 145, 131, 13, 12, 192, 66, 218, 13, 92, 169, 192, 228, 65, 113, 49, 131, 92, 43, 85, 51, 14, 207, 47, 83, 150, 0, 81, 156, 141, 47, 198, 207, 47, 81, 179, 87, 171, 13, 49, 85, 14, 221, 43, 208, 150, 30, 208, 142, 234, 12, 12, 89, 248, 85, 218, 142, 192, 161, 141, 152, 45, 233, 233, 131, 12, 0, 62, 125, 218, 175, 13, 217, 229, 208, 43, 123, 179, 13, 227, 244, 23, 114, 218, 142, 87, 172, 208, 49, 83, 221, 222, 87, 192, 153, 192, 150, 113, 205, 48, 192, 49, 131, 12, 5, 5, 220, 130, 92, 24, 249, 5, 142, 248, 49, 217, 153, 192, 66, 204, 182, 12, 13, 12, 12, 113, 5, 13, 231, 196, 100, 228, 5, 91, 45, 47, 95, 49, 208, 233, 91, 208, 150, 192, 119, 152, 81, 175, 192, 131, 192, 228, 248, 204, 113, 227, 192, 227, 146, 87, 116, 233, 215, 182, 0, 45, 78, 25, 250, 24, 67, 84, 12, 253, 212, 233, 230, 56, 227, 198, 24, 123, 16, 193, 136, 49, 13, 102, 166, 234, 192, 130, 13, 153, 141, 81, 221, 24, 83, 196, 47, 47, 16, 221, 49, 24, 61, 49, 196, 51, 16, 208, 45, 198, 119, 49, 81, 81, 208, 125, 161, 192, 64, 123, 246, 125, 220, 64, 49, 212, 240, 221, 49, 49, 87, 49, 49, 81, 16, 45, 212, 47, 153, 236, 233, 123, 13, 95, 153, 236, 45, 123, 233, 49, 192, 49, 152, 236, 16, 66, 49, 153, 192, 216, 45, 16, 123, 64, 137, 229, 208, 45, 246, 218, 178, 192, 45, 236, 216, 240, 66, 131, 137, 49, 220, 15, 246, 221, 220, 95, 49, 192, 43, 233, 123, 132, 165, 209, 192, 212, 123, 16, 125, 125, 125, 125, 131, 234, 175, 13, 165, 11, 87, 12, 113, 113, 87, 165, 165, 215, 95, 1, 113, 165, 165, 87, 12, 165, 175, 233, 131, 165, 165, 119, 78, 156, 113, 87, 237, 79, 107, 118, 66, 221, 153, 87, 215, 13, 111, 116, 233, 237, 87, 87, 13, 87, 20, 241, 216, 165, 160, 237, 87, 36, 233, 13, 87, 73, 71, 118, 1, 5, 12, 74, 208, 132, 74, 250, 110, 100, 228, 12, 136, 152, 240, 222, 165, 198, 203, 111, 171, 176, 27, 172, 62, 64, 49, 49, 36, 246, 208, 196, 198, 152, 73, 99, 221, 47, 198, 139, 44, 68, 99, 222, 87, 217, 188, 247, 82, 91, 16, 62, 208, 188, 24, 26, 51, 14, 188, 208, 83, 228, 243, 250, 246, 247, 62, 26, 63, 58, 222, 113, 43, 43, 150, 217, 150, 91, 233, 43, 45, 43, 228, 24, 14, 110, 76, 125, 49, 15, 208, 218, 204, 58, 199, 209, 87, 203, 233, 179, 74, 153, 209, 192, 78, 110, 16, 228, 12, 231, 119, 47, 81, 222, 12, 228, 89, 0, 163, 221, 16, 131, 236, 24, 45, 163, 116, 51, 45, 83, 238, 0, 45, 14, 81, 49, 208, 169, 56, 85, 51, 66, 76, 208, 49, 49, 24, 5, 250, 131, 217, 83, 152, 130, 5, 5, 107, 217, 83, 150, 118, 91, 16, 153, 141, 49, 132, 153]"
61001,"[43, 62, 78, 250, 14, 130, 115, 207, 255, 75, 9, 246, 183, 61, 83, 196, 197, 14, 110, 49, 78, 62, 78, 243, 25, 81, 117, 183, 78, 121, 18, 25, 155, 147, 117, 11, 255, 121, 123, 175, 125, 62, 125, 168, 243, 250, 110, 62, 243, 168, 121, 243, 110, 128, 125, 117, 117, 183, 18, 35, 51, 168, 125, 61, 168, 18, 81, 88, 77, 149, 18, 243, 255, 25, 128, 149, 229, 183, 168, 255, 25, 250, 149, 168, 168, 168, 168, 108, 123, 168, 168, 168, 145, 102, 35, 250, 154, 147, 132, 115, 62, 149, 250, 6, 255, 78, 132, 115, 88, 142, 213, 149, 145, 168, 168, 222, 7, 243, 145, 78, 18, 149, 25, 128, 18, 168, 163, 139, 78, 250, 110, 74, 149, 104, 255, 18, 110, 246, 78, 78, 78, 228, 78, 128, 218, 57, 18, 168, 62, 26, 128, 8, 149, 168, 18, 228, 231, 25, 8, 59, 114, 187, 182, 209, 70, 22, 59, 104, 132, 115, 208, 5, 194, 76, 187, 243, 78, 18, 218, 218, 6, 180, 55, 18, 26, 142, 194, 243, 117, 121, 255, 43, 25, 218, 224, 18, 183, 163, 193, 194, 246, 78, 78, 117, 72, 29, 218, 210, 149, 168, 6, 58, 58, 7, 16, 125, 15, 168, 224, 78, 250, 233, 61, 18, 62, 125, 208, 25, 16, 76, 18, 192, 243, 168, 175, 194, 76, 114, 114, 120, 94, 110, 232, 236, 243, 62, 62, 78, 250, 16, 147, 168, 197, 18, 18, 18, 16, 18, 168, 78, 18, 18, 25, 250, 229, 149, 149, 168, 168, 50, 22, 59, 243, 168, 18, 168, 22, 7, 243, 168, 168, 15, 97, 250, 14, 149, 18, 78, 168, 168, 14, 25, 160, 140, 168, 143, 18, 35, 70, 243, 18, 154, 62, 243, 25, 142, 231, 168, 168, 104, 168, 14, 128, 76, 78, 168, 18, 78, 25, 110, 121, 149, 213, 18, 18, 25, 250, 149, 104, 18, 18, 62, 25, 22, 159, 168, 18, 18, 93, 128, 17, 208, 43, 147, 62, 173, 17, 110, 149, 208, 196, 154, 229, 110, 142, 136, 196, 197, 62, 121, 35, 128, 224, 168, 62, 62, 228, 184, 184, 231, 149, 243, 154, 231, 81, 250, 149, 168, 18, 78, 104, 110, 99, 76, 149, 168, 18, 18, 50, 25, 68, 62, 18, 62, 62, 250, 250, 149, 149, 168, 121, 18, 204, 40, 224, 78, 178, 244, 191, 149, 250, 102, 183, 168, 18, 168, 110, 166, 12, 231, 93, 77, 6, 7, 142, 192, 15, 196, 6, 146, 70, 184, 77, 93, 11, 114, 32, 234, 225, 129, 34, 168, 104, 78, 250, 246, 147, 18, 115, 168, 78, 40, 194, 96, 248, 132, 115, 182, 7, 22, 200, 115, 43, 6, 58, 14, 116, 154, 228, 115, 62, 168, 128, 25, 213, 104, 168, 168, 75, 70, 25, 149, 154, 187, 11, 168, 110, 9, 244, 117, 18, 18, 158, 90, 9, 100, 231, 93, 61, 102, 81, 179, 135, 61, 31, 74, 117, 25, 9, 243, 93, 100, 67, 78, 250, 250, 76, 149, 117, 243, 78, 22, 194, 236, 62, 18, 18, 67, 50, 33, 87, 171, 114, 89, 144, 241, 222, 12, 209, 182, 84, 183, 142, 21, 56, 228, 242, 34, 76, 110, 16, 76, 76, 130, 61, 94, 250, 16, 62, 93, 115, 193, 58, 9, 70, 146, 124, 115, 187, 158, 37, 9, 231, 93, 61, 244, 244, 33, 240, 117, 18, 115, 74, 145, 70, 16, 76, 6, 19, 74, 228, 36, 233, 148, 228, 87, 137, 75, 7, 250, 158, 58, 148, 132, 148, 142, 123, 15, 18, 153, 217, 139, 99, 204, 12, 31, 58, 182, 107, 234, 37, 93, 206, 206, 46, 58, 222, 113, 13, 54, 191, 107, 32, 99, 16, 59, 243, 132, 114, 115, 241, 25, 249, 191, 10, 182, 120, 36, 222, 171, 104, 109, 191, 74, 250, 16, 117, 117, 168, 197, 114, 241, 234, 231, 191, 200, 46, 97, 9, 184, 135, 104, 11, 75, 112, 99, 25, 30, 158, 58, 170, 124, 225, 225, 242, 11, 183, 19, 23, 241, 20, 252, 170, 214, 177, 159, 9, 9, 244, 104, 168, 197, 255, 250, 35, 18, 177, 19, 170, 177, 37, 128, 6, 32, 19, 77, 145, 241, 60, 143, 61, 32, 245, 242, 37, 40, 68, 177, 245, 76, 115, 250, 166, 226, 77, 133, 159, 104, 225, 90, 231, 168, 75, 115, 187, 225, 225, 159, 147, 168, 245, 140, 128, 22, 59, 93, 67, 197, 191, 25, 185, 74, 6, 231, 183, 54, 241, 225, 180, 29, 245, 105, 177, 37, 17, 18, 18, 76, 100, 117, 7, 128, 149, 18, 6, 59, 211, 194, 179, 191, 135, 172, 193, 114, 28, 181, 19, 104, 13, 89]"
61002,"[207, 161, 79, 60, 240, 247, 85, 15, 78, 188, 204, 241, 153, 78, 64, 24, 196, 221, 51, 64, 78, 247, 188, 62, 250, 16, 24, 64, 119, 78, 78, 16, 246, 62, 163, 229, 24, 24, 156, 103, 78, 64, 163, 132, 208, 221, 51, 208, 220, 78, 247, 121, 16, 221, 47, 84, 119, 208, 208, 246, 233, 24, 78, 64, 78, 247, 221, 81, 152, 64, 119, 153, 247, 246, 14, 152, 64, 64, 208, 132, 81, 221, 207, 207, 47, 47, 55, 17, 66, 15, 173, 29, 55, 55, 246, 246, 207, 64, 55, 47, 197, 166, 17, 220, 55, 47, 173, 29, 128, 17, 150, 207, 55, 47, 29, 250, 17, 153, 55, 64, 207, 55, 17, 246, 207, 47, 197, 29, 29, 81, 233, 216, 78, 49, 117, 183, 16, 221, 45, 55, 55, 119, 208, 51, 88, 29, 247, 132, 145, 78, 14, 14, 247, 163, 255, 112, 78, 166, 17, 247, 55, 29, 183, 117, 81, 14, 45, 163, 117, 255, 29, 25, 250, 216, 163, 47, 207, 29, 185, 17, 24, 145, 207, 185, 255, 250, 14, 152, 83, 183, 26, 255, 185, 185, 64, 255, 207, 255, 29, 14, 51, 49, 55, 163, 255, 47, 81, 221, 196, 197, 147, 145, 255, 17, 222, 152, 163, 64, 163, 207, 166, 51, 152, 183, 64, 163, 255, 17, 14, 247, 247, 188, 24, 24, 221, 218, 220, 62, 132, 207, 43, 166, 14, 117, 247, 152, 196, 132, 81, 250, 158, 160, 11, 119, 24, 81, 246, 24, 152, 119, 119, 78, 14, 51, 228, 78, 247, 207, 67, 17, 81, 152, 121, 55, 247, 208, 166, 246, 152, 83, 43, 247, 247, 246, 246, 24, 145, 64, 102, 197, 142, 123, 62, 76, 212, 208, 119, 51, 221, 152, 132, 207, 163, 255, 166, 246, 132, 55, 183, 247, 255, 25, 250, 85, 78, 132, 145, 255, 14, 14, 78, 183, 132, 26, 78, 250, 51, 247, 255, 24, 78, 132, 14, 221, 229, 78, 121, 207, 255, 14, 221, 229, 183, 197, 255, 78, 14, 17, 117, 78, 78, 255, 255, 166, 14, 131, 29, 62, 119, 132, 221, 221, 24, 255, 247, 78, 255, 250, 51, 85, 247, 132, 83, 78, 250, 166, 220, 247, 78, 24, 247, 246, 233, 216, 55, 163, 247, 163, 14, 51, 78, 78, 208, 78, 153, 51, 51, 229, 78, 132, 112, 132, 221, 81, 247, 78, 24, 247, 62, 221, 221, 64, 247, 247, 220, 119, 14, 246, 228, 42, 78, 220, 15, 14, 246, 208, 45, 64, 78, 62, 14, 51, 132, 55, 78, 153, 247, 14, 246, 247, 78, 163, 132, 58, 241, 233, 87, 44, 200, 114, 89, 36, 221, 47, 112, 124, 174, 171, 60, 101, 107, 248, 26, 132, 248, 233, 246, 82, 203, 248, 43, 112, 204, 184, 148, 228, 148, 132, 248, 250, 250, 247, 153, 137, 247, 153, 1, 113, 58, 188, 78, 132, 73, 101, 99, 216, 228, 92, 85, 82, 241, 222, 148, 228, 182, 182, 58, 142, 41, 249, 170, 0, 255, 228, 241, 116, 153, 67, 132, 114, 115, 91, 24]"
61003,"[227, 244, 33, 234, 13, 172, 145, 213, 74, 233, 181, 161, 109, 94, 83, 63, 70, 51, 163, 191, 83, 203, 94, 81, 218, 93, 83, 147, 147, 153, 21, 91, 228, 192, 82, 136, 152, 179, 99, 45, 15, 208, 188, 188, 246, 250, 228, 192, 15, 15, 64, 123, 142, 108, 59, 131, 192, 43, 218, 113, 208, 62, 208, 131, 100, 16, 142, 59, 18, 192, 117, 216, 123, 218, 220, 62, 18, 49, 49, 246, 218, 220, 62, 15, 208, 76, 142, 123, 119, 78, 49, 15, 208, 66, 250, 62, 243, 117, 62, 243, 16, 246, 62, 125, 18, 208, 125, 246, 110, 243, 208, 163, 78, 243, 16, 22, 59, 76, 183, 15, 62, 16, 81, 208, 117, 18, 76, 76, 16, 142, 12, 118, 187, 167, 67, 210, 250, 76, 76, 62, 125, 208, 110, 16, 125, 243, 43, 243, 62, 110, 14, 18, 158, 236, 119, 119, 14, 250, 62, 62, 163, 147, 183, 35, 99, 18, 243, 12, 74, 62, 250, 25, 168, 62, 78, 62, 62, 246, 221, 64, 24, 121, 228, 148, 25, 142, 231, 78, 135, 145, 121, 110, 250, 62, 163, 229, 119, 15, 110, 250, 208, 117, 119, 117, 78, 128, 41, 76, 18, 64, 117, 18, 250, 218, 243, 76, 117, 183, 229, 250, 16, 168, 18, 18, 62, 119, 250, 16, 18, 168, 148, 119, 119, 250, 110, 76, 183, 229, 78, 78, 14, 128, 208, 229, 117, 243, 18, 16, 25, 18, 243, 168, 243, 208, 14, 142, 100, 168, 78, 132, 95, 128, 16, 243, 168, 62, 62, 208, 250, 250, 168, 243, 49, 117, 18, 110, 16, 6, 59, 243, 78, 168, 51, 250, 125, 149, 125, 62, 247, 14, 241, 77, 149, 74, 168, 62, 51, 142, 231, 149, 78, 168, 15, 250, 22, 59, 183, 104, 18, 208, 14, 142, 92, 193, 191, 183, 62, 110, 142, 100, 145, 18, 229, 117, 25, 233, 30, 183, 78, 18, 18, 14, 110, 119, 78, 18, 78, 62, 142, 70, 18, 168, 78, 78, 62, 250, 16, 15, 229, 18, 15, 168, 5, 70, 149, 18, 243, 125, 18, 16, 8, 18, 243, 229, 18, 243, 16, 99, 76, 18, 18, 208, 76, 16, 51, 117, 76, 119, 168, 18, 8, 16, 18, 18, 191, 243, 76, 218, 7, 224, 104, 100, 76, 15, 110, 16, 243, 18, 208, 76, 76, 16, 250, 196, 18, 62, 224, 193, 123, 14, 15, 18, 249, 192, 18, 41, 16, 125, 59, 249, 224, 208, 218, 175, 77, 224, 59, 243, 224, 5, 5, 120, 59, 109, 165, 109, 240, 16, 15, 191, 78, 76, 243, 110, 5, 100, 147, 42, 132, 11, 14, 7, 224, 187, 191, 163, 117, 41, 33, 12, 249, 135, 119, 62, 110, 25, 224, 243, 15, 18, 243, 142, 99, 62, 18, 100, 78, 31, 7, 175, 243, 76, 100, 62, 15, 110, 194, 208, 125, 76, 249, 249, 99, 142, 76, 243, 243, 193, 120, 5, 41, 165, 249, 249, 249, 115, 128, 218, 74, 62, 243, 62, 62, 250, 142, 115, 78, 122, 135, 115, 25, 41, 187, 187, 78, 18, 100, 232, 181, 18, 31, 170, 30, 18, 16, 33, 170, 98, 74, 243, 216, 241, 7, 168, 249, 200, 208, 62, 142, 33, 191, 18, 18, 100, 132, 225, 5, 31, 187, 114, 187, 94, 250, 250, 62, 243, 31, 31, 114, 33, 7, 76, 117, 18, 31, 10, 194, 33, 187, 213, 206, 213, 120, 33, 33, 31, 187, 31, 187, 187, 234, 194, 31, 187, 104, 31, 120, 33, 33, 109, 191, 188, 121, 104, 14, 128, 76, 243, 62, 243, 6, 194, 9, 18, 76, 54, 187, 115, 250, 14, 83, 243, 78, 15, 183, 123, 250, 18, 18, 11, 11, 191, 7, 14, 61, 97, 100, 147, 216, 194, 16, 192, 18, 18, 121, 59, 16, 250, 49, 61, 125, 183, 18, 110, 176, 104, 104, 18, 18, 228, 249, 234, 18, 145, 243, 18, 183, 241, 91, 18, 78, 135, 78, 78]"
61005,"[83, 188, 123, 246, 64, 49, 102, 163, 137, 246, 246, 188, 247, 188, 78, 85, 51, 233, 38, 83, 188, 247, 64, 51, 14, 183, 247, 102, 217, 247, 179, 176, 174, 190, 137, 119, 117, 14, 51, 247, 188, 247, 183, 47, 66, 88, 64, 69, 136, 64, 145, 99, 153, 111, 137, 216, 62, 163, 36, 246, 247, 62, 228, 87, 188, 51, 221, 188, 83, 183, 208, 43, 142, 241, 92, 132, 247, 132, 249, 113, 27, 98, 42, 183, 170, 153, 181, 246, 247, 139]"
61006,"[26, 25, 222, 136, 102, 115, 84]"
62001,"[107, 104, 104, 70, 181, 104, 104, 104, 114, 32, 70, 35, 213, 104, 104, 104, 213, 70, 225, 68, 97, 168, 97, 146, 70, 9, 61, 61, 213, 213, 104, 194, 70, 143, 177, 214, 108, 252, 194, 241, 104, 177, 108, 104, 191, 70, 194, 120, 68, 97, 104, 97, 185, 35, 104, 149, 58, 94, 104, 70, 194, 104, 104, 171, 115, 104, 194, 194, 104, 104, 104, 104, 213, 88, 194, 104, 97, 104, 213, 104, 70, 194, 104, 104, 214, 213, 213, 70, 70, 213, 97, 104, 104, 214, 70, 70, 104]"
62002,"[248, 251, 9, 88, 61, 147, 147, 147, 183, 35, 70, 196, 196, 61, 243, 229, 51, 35, 213, 243, 147, 47, 147, 9, 179, 236, 117, 161, 61, 145, 9, 9, 236, 236, 244, 237, 191, 9, 9, 147, 47, 147, 160, 61, 33, 9, 236, 244, 160, 236, 147, 9, 9, 11, 147, 196, 117, 163, 241, 9, 236, 229, 15, 64, 163, 14, 142, 30, 169, 213, 61, 147, 110, 9, 163, 117, 145, 236, 145, 70, 1, 107, 30, 229, 78, 117, 218, 81, 95, 147, 243, 196, 236, 179, 123, 43, 125, 131, 74, 43, 22, 113, 12, 209, 30, 130, 104, 176, 241, 31, 120, 167, 196, 229, 35, 81, 117, 78, 251, 61, 196, 35, 9, 117, 93, 61, 47, 117, 61, 113, 160, 213, 229, 85, 85, 218, 218, 43, 132, 213, 145, 117, 110, 14, 117, 147, 92, 147, 213, 179, 9, 117, 161, 96, 11, 147, 218, 179, 24, 43, 85, 63, 11, 218, 204, 213, 188, 188, 145, 147, 218, 179, 26, 228, 26, 188, 117, 35, 35, 67, 43, 67, 62, 168, 218, 218, 67, 168, 228, 67, 43, 35, 14, 255, 117, 145, 49, 83, 81, 47, 47, 105, 29, 147, 47, 218, 40, 30, 197, 47, 243, 47, 35, 35, 47, 255, 163, 47, 163, 81, 35, 67, 43, 67, 93, 11, 22, 20, 92, 243, 102, 102, 117, 194, 113, 107, 248, 132, 226, 226, 113, 27, 162, 195, 80, 126, 126, 164, 27, 107, 30, 49, 78, 67, 155, 81, 196, 112, 61, 125, 117, 81, 123, 196, 117, 196, 251, 61, 218, 81, 229, 49, 229, 117, 243, 110, 9, 243, 149, 15, 147, 102, 14, 88, 112, 68, 189, 174, 190, 164, 201, 162, 127, 80, 126, 126, 164, 201, 162, 127, 80, 126, 126, 164, 201, 162, 127, 80, 126, 126, 164, 201, 162, 195, 190, 174, 174, 27, 176, 98, 170, 171, 200, 111, 241, 60, 106, 162, 223, 190, 127, 39, 27, 38, 188, 145, 163, 83, 81, 81, 47, 188, 169, 236, 147, 123, 81, 229, 122, 30, 196, 49, 51, 179, 95, 229, 196, 61, 160, 20, 9, 96, 236, 47, 49, 47, 9, 184, 12, 95, 196, 178, 160, 155, 241, 30, 196, 236, 229, 150, 20, 123, 236, 125, 147, 236, 163, 70, 179, 244, 117, 26, 117, 49, 35, 35, 92, 188, 147, 196, 236, 81, 110, 45, 95, 49, 244, 117, 35, 35, 117, 229, 183, 117, 64, 81, 35, 83, 64, 117, 163, 229, 14, 81, 196, 229, 83, 117, 163, 221, 35, 236, 196, 64, 157, 59, 184, 155, 30, 153, 57, 198, 87, 184, 175, 96, 100, 131, 244, 87, 113, 123, 208, 49, 192, 229, 192, 179, 123, 12, 76, 87, 11, 12, 184, 123, 198, 244, 13, 11, 198, 155, 123, 13, 198, 198, 198, 236, 123, 123, 244, 236, 13, 244, 13, 113, 123, 217, 217, 244, 104, 120, 184, 123, 30, 206, 12, 198, 244, 9, 184, 109, 120, 109, 31, 11, 99, 241, 191, 104, 244, 244, 206, 123, 70, 217, 187, 203, 73, 172, 33, 33, 30, 109, 61, 109, 58, 9, 184, 244, 61, 191, 73, 213, 1, 21, 206, 244, 58, 61, 96, 33, 205, 244, 61, 61, 135, 61, 184, 70, 96, 13, 230, 165, 253, 241, 205, 191, 206, 135, 135, 135, 184, 70, 237, 206, 109, 137, 117, 113, 184, 100, 198, 191, 96, 160, 241, 184, 13, 191, 11, 135, 244, 241, 184, 244, 30, 157, 244, 244, 33, 33, 244, 11, 73, 213, 244, 184, 9, 244, 187, 89, 198, 11, 184, 1, 120, 244, 215, 117, 13, 70, 194, 244, 135, 135, 213, 244, 20, 70, 244, 117, 120, 11, 97, 184, 184, 244, 109, 97, 244, 97, 33, 61, 244, 11, 191, 244, 198, 70, 70, 191, 198, 11, 244, 244, 33, 240, 135, 135]"
62003,"[198, 47, 49, 110, 16, 125, 149, 34, 196, 18, 233, 110, 243, 125, 196, 212, 15, 110, 110, 196, 49, 121, 131, 100, 51, 123, 76, 15, 121, 55, 84, 110, 16, 45, 45, 168, 224, 63, 205, 123, 47, 152, 152, 152, 212, 151, 28, 231, 76, 49, 47, 49, 110, 194, 192, 243, 149, 49, 229, 194, 110, 49, 208, 243, 220, 196, 81, 81, 229, 196, 47, 229, 49, 9, 179, 236, 150, 96, 191, 213, 17, 110, 15, 196, 64, 117, 191, 51, 110, 78, 117, 196, 163, 64, 14, 110, 117, 133, 236, 78, 64, 81, 179, 247, 18, 152, 49, 49, 250, 233, 11, 117, 211, 129, 61, 240, 110, 93, 61, 104, 213, 120, 176, 201, 162, 127, 80, 126, 126, 164, 201, 162, 172, 188, 193, 100, 88, 110, 243, 62, 229, 154, 231, 35, 35, 243, 229, 117, 163, 15, 110, 110, 243, 191, 220, 15, 76, 22, 240, 125, 62, 64, 18, 18, 142, 3, 45, 163, 78, 64, 49, 156, 113, 220, 76, 224, 183, 229, 81, 233, 117, 220, 243, 208, 62, 250, 51, 18, 229, 64, 207, 26, 14, 110, 229, 188, 76, 173, 55, 81, 216, 59, 26, 196, 78, 208, 14, 14, 231, 125, 47, 147, 84, 35, 14, 117, 188, 117, 117, 78, 25, 232, 61, 18, 220, 29, 229, 222, 33, 236, 47, 47, 47, 47, 81, 221, 117, 45, 49, 183, 196, 81, 218, 76, 125, 125, 216, 61, 110, 81, 49, 229, 75, 45, 78, 110, 81, 196, 229, 18, 192, 95, 110, 175, 197, 78, 26, 117, 153, 240, 66, 18, 76, 125, 220, 255, 16, 17, 125, 47, 212, 117, 15, 155, 17, 197, 76, 49, 192, 112, 155, 16, 229, 196, 220, 220, 76, 175, 218, 72, 29, 62, 231, 76, 110, 233, 95, 29, 76, 29, 76, 123, 110, 208, 49, 15, 76, 76, 128, 8, 149, 76, 149, 212, 29, 233, 5, 165, 76, 243, 125, 125, 218, 81, 47, 125, 45, 196, 220, 123, 16, 76, 125, 153, 192, 243, 110, 175, 13, 236, 63, 134, 95, 16, 250, 125, 196, 49, 243, 243, 25, 123, 196, 49, 30, 196, 61, 16, 218, 59, 153, 192, 125, 231, 233, 155, 178, 61, 212, 73, 249, 5, 5, 76, 131, 12, 96, 165, 113, 175, 141, 243, 100, 76, 208, 5, 194, 208, 67, 134, 47, 208, 33, 241, 242, 95, 125, 76, 243, 123, 184, 76, 62, 30, 125, 192, 233, 66, 212, 178, 253, 198, 208, 66, 123, 192, 216, 45, 243, 76, 66, 81, 212, 152, 208, 125, 191, 66, 179, 42, 188, 216, 87, 182, 113, 155, 6, 146, 253, 141, 117, 233, 9, 42, 78, 208, 64, 117, 175, 8, 15, 117, 196, 87, 132, 33, 33, 137, 152, 117, 49, 61, 5, 90, 13, 153, 172, 76, 229, 5, 17, 11, 212, 131, 208, 75, 17, 218, 187, 47, 49, 76, 18, 110, 65, 12, 119, 76, 76, 18, 5, 194, 125, 30, 117, 236, 243, 222, 123, 121, 59, 15, 208, 43, 36, 110, 76, 149, 18, 149, 76, 218, 218, 93, 12, 217, 228, 236, 33, 5, 231, 93, 165, 244, 61, 8, 41, 109, 61, 68, 32, 159, 110, 33, 165, 61, 231, 43, 125, 110, 155, 236, 97, 30, 15, 161, 241, 184, 231, 149, 247, 207, 125, 194, 16, 76, 208, 95, 72, 59, 205, 9, 13, 61, 95, 153, 13, 70, 175, 13, 236, 76, 216, 61, 179, 9, 160, 61, 96, 115, 229, 123, 5, 95, 117, 18, 193, 244, 184, 123, 93, 59, 24, 111, 11]"
62004,"[77, 18, 123, 218, 67, 149, 93, 187, 104, 128, 218, 76, 67, 149, 47, 55, 110, 9, 243, 93, 213, 120, 30, 110, 179, 30, 243, 18, 115, 93, 70, 110, 243, 117, 149, 243, 6, 194, 35, 196, 117, 117, 196, 117, 110, 110, 149, 6, 61, 18, 67, 149, 128, 196, 61, 149, 115, 228, 50, 241, 244, 100, 149, 149, 149, 194, 149, 43, 196, 149, 145, 243, 110, 128, 193, 191, 149, 196, 243, 110, 194, 231, 149, 149, 168, 18, 128, 110, 78, 93, 213, 149, 182, 50, 110, 120, 143, 18, 149, 149, 110, 22, 61, 243, 117, 149, 117, 110, 35, 236, 18, 18, 18, 18, 110, 128, 76, 18, 243, 78, 149, 50, 110, 243, 243, 147, 6, 11, 35, 88, 149, 93, 97, 149, 61, 50, 50, 149, 59, 149, 61, 149, 50, 194, 54, 177, 120, 213, 61, 194, 194, 6, 231, 93, 182, 114, 70, 194, 32, 231, 149, 32, 68, 194, 110, 18, 18, 18, 149, 18, 50, 194, 168, 6, 61, 168, 62, 22, 234, 217, 18, 93, 168, 243, 110, 218, 243, 62, 18, 18, 145, 110, 22, 59, 6, 143, 104, 157, 41, 50, 213, 105, 134, 157, 171, 241, 241, 182, 231, 145, 67, 6, 194, 7, 243, 125, 243, 74, 6, 194, 5, 32, 59, 149, 93, 32, 5, 194, 76, 149, 149, 243, 18, 110, 110, 6, 231, 149, 243, 67, 110, 194, 131, 12, 74, 149, 243, 194, 110, 149, 243, 149, 149, 131, 194, 218, 120, 32, 59, 12, 59, 33, 194, 68, 120, 59, 120, 120, 234, 194, 100, 147, 97, 134, 213, 194, 1, 107, 120, 120, 191, 19, 194, 70, 109, 213, 168, 231, 145, 194, 70, 187, 104, 231, 243, 243, 99, 110, 76, 149, 231, 76, 76, 5, 194, 76, 243, 76, 6, 59, 194, 99, 168, 59, 249, 115, 187, 249]"
62005,"[111, 135, 170, 185, 60, 10, 10, 114, 114, 114, 241, 60, 114, 249, 171, 98, 114, 241, 60, 44, 114, 114, 114, 114, 60, 60, 124, 114, 177, 12, 104, 241, 60, 114, 170, 177, 57, 114, 181, 60, 226, 86, 107, 114, 114, 241, 166, 77, 55, 168, 152, 132, 14, 14, 18, 62, 132, 78, 78, 166, 14, 105, 134, 214, 213, 84, 123, 35, 121, 197, 24, 26, 78, 110, 246, 207, 18, 78, 132, 247, 14, 25, 78, 168, 197, 183, 255, 25, 166, 168, 78, 132, 121, 255, 25, 25, 168, 121, 228, 207, 102, 81, 14, 18, 24, 102, 154, 168, 233, 250, 85, 24, 78, 154, 132, 234, 194, 189, 189, 190, 137, 119, 14, 246, 24, 64, 183, 102, 62, 128, 16, 168, 67, 197, 154, 84, 210, 210, 224, 224, 154, 84, 168, 250, 35, 78, 183, 183, 102, 132, 166, 81, 243, 119, 163, 75, 29, 14, 14, 147, 247, 163, 78, 255, 14, 14, 78, 168, 24, 24, 24, 4, 225, 104, 206, 223, 190, 126, 164, 201, 162, 127, 80, 126, 126, 164, 201, 162, 127, 80, 126, 126, 164, 201, 162, 127, 80, 126, 126, 164, 201, 162, 127, 80, 126, 126, 164, 201, 162, 86, 217, 78, 154, 14, 221, 83, 78, 132, 197, 183, 14, 25, 255, 147, 75, 26, 255, 166, 14, 255, 255, 85, 75, 197, 22, 90, 115, 231, 255, 255, 255, 128, 22, 248, 168, 78, 255, 67, 37, 35, 132, 55, 132, 24, 132, 222, 166, 11, 55, 197, 75, 159, 81, 35, 83, 152, 163, 132, 132, 70, 204, 115, 147, 85, 26, 26, 166, 37, 255, 214, 255, 75, 255, 132]"
63001,"[203, 98, 118, 27, 65, 89, 189, 223, 190, 126, 176, 65, 89, 107, 118, 118, 107, 184, 21, 118, 86, 107, 118, 118, 21, 27, 106, 118, 86, 107, 118, 176, 27, 98, 118, 118, 118, 48, 184, 27, 98, 189, 48, 96, 235, 181, 52, 106, 189, 174, 107, 94, 65, 241, 171, 104, 12, 19, 192, 16, 35, 191, 199, 32, 192, 102, 70, 234, 84, 145, 191, 67, 63, 234, 184, 191, 147, 170, 217, 117, 241, 60, 226, 122, 58, 89, 170, 241, 241, 191, 163, 191, 255, 131, 181, 33, 192, 153, 172, 132, 12, 1, 52, 171, 135, 171, 235, 12, 5, 101, 135, 235, 171, 98, 171, 39, 241, 56, 145, 89, 98, 114, 210, 99, 206, 135, 186, 73, 118, 1, 113, 106, 135, 189, 237, 249, 241, 113, 237, 135, 206, 87, 12, 39, 60, 106, 114, 200, 144, 87, 1, 5, 87, 87, 87, 79, 114, 27, 101, 48, 107, 200, 200, 189, 241, 175, 135, 107, 107, 182, 182, 1, 16, 178, 115, 79, 171, 200, 241, 113, 170, 165, 32, 12, 135, 101, 27, 171, 220, 170, 206, 144, 39, 52, 237, 118, 135, 174, 135, 52, 52, 135, 135, 138, 206, 171, 21, 52, 171, 135, 189, 206, 87, 52, 241, 135, 163, 206, 144, 206, 21, 241, 135, 145, 208, 165, 87, 113, 241, 192, 122, 165, 87, 237, 184, 33, 57, 135, 206, 192, 220, 21, 33, 136, 216, 12, 192, 122, 241, 52, 135, 87, 172, 49, 135, 176, 113, 249, 57, 172, 122, 137, 232, 52, 135, 135, 136, 131, 172, 232, 60, 135, 163]"
63003,"[204, 91, 161, 167, 169, 217, 63, 184, 1, 199, 146, 209, 92, 83, 218, 179, 92, 147, 213, 48, 79, 65, 184, 98]"
63004,"[116, 179, 198, 160, 147, 134, 97, 35, 9, 160, 213, 30, 196, 147, 20, 88, 59, 236, 132, 61, 62, 22, 9, 61, 61, 146, 213, 147, 20, 70, 244, 183, 149, 161, 61, 59]"
63005,"[203, 235, 241, 88, 13, 202, 146, 187, 109, 184, 101, 106, 120, 86, 97, 57, 52, 52, 213, 86, 48, 97, 57, 65, 88, 244, 94, 109, 11, 213, 225, 5, 215, 191, 73, 106, 226, 184, 241, 146, 213, 170, 182, 165, 184, 33, 97, 206, 170, 86, 32, 175, 20, 213, 144, 187, 97, 209, 70, 60, 120, 187, 58, 31, 109, 181, 20, 3, 12, 171, 226]"
63007,"[19, 32, 70, 65, 12, 114, 248, 6, 182, 65, 70, 92, 130, 92, 63, 11, 156, 21, 48, 135, 174, 235, 167, 156, 21, 200, 107, 248, 131, 134, 8, 8, 224, 59, 134, 59, 125, 8, 8, 57, 96, 107, 248, 161, 21, 27, 162, 195, 80, 190, 38, 179, 234, 12, 120, 165, 237, 120, 194, 33, 32, 61, 68, 12, 120, 33, 225, 59, 187, 182, 187, 86, 101, 33, 162, 189, 189, 200, 32, 194, 33, 97, 109, 77, 149, 59, 234, 194, 31, 120, 86, 174, 190]"
71002,"[74, 246, 250, 76, 18, 76, 62, 249, 194, 175, 76, 243, 243, 193, 208, 110, 16, 243, 208, 247, 62, 231, 16, 110, 149, 76, 243, 18, 149, 33, 194, 18, 68, 19, 32, 31, 181, 50, 68, 62, 147, 62, 193, 194, 110, 224, 243, 243, 243, 153, 194, 218, 62, 76, 243, 15, 62, 110, 22, 59, 108, 59, 115, 115, 110, 7, 243, 18, 220, 100, 18, 218, 99, 243, 208, 243, 76, 6, 113, 66, 62, 243, 196, 62, 243, 246, 250, 76, 224, 243, 193, 165, 99, 142, 100, 100, 208, 243, 193, 175, 113, 12, 249, 77, 125, 62, 99, 110, 131, 54, 74, 243, 18, 110, 218, 243, 62, 243, 125, 76, 110, 250, 243, 76, 149, 18, 249, 234, 50, 149, 6, 89, 114, 182, 39, 33, 231, 243, 243, 193, 12, 194, 218, 149, 149, 134, 149, 59, 218, 22, 59, 62, 120, 100, 6, 8, 110, 125, 228, 231, 18, 243, 194, 110, 243, 125, 243, 100, 100, 16, 113, 149, 149, 193, 68, 59, 194, 7, 243, 243, 208, 18, 18, 16, 99, 243, 100, 193, 18, 62, 60, 234, 68, 31, 68, 100, 76, 210, 110, 76, 243, 171, 74, 62, 113, 21, 31, 208, 243, 243, 208, 218, 194, 76, 149, 120, 165, 171, 36, 246, 119, 249, 100, 132, 86, 99, 16, 109, 104, 208, 228, 136, 128, 8, 59, 15, 208, 76, 243, 5, 16, 220, 208, 243, 243, 192, 16, 16, 59, 208, 243, 249, 12, 123, 16, 76, 125, 12, 57, 231, 110, 5, 249, 59, 224, 57, 249, 99, 16, 224, 68, 249, 165, 249, 194, 110, 100, 120, 249, 12, 231, 110, 99, 18, 231, 125, 149, 231, 123, 16, 208, 206, 249, 12, 12, 123, 218, 243, 125, 243, 59, 59, 194, 194, 243, 120, 231, 76, 224, 5, 194, 224, 243, 59, 231, 125, 113, 5, 243, 76, 243, 231, 18, 16, 16, 149, 243, 136, 228, 76, 110, 16, 153, 192, 208, 131, 12, 8, 233, 13, 87, 74, 76, 192, 222, 16, 208, 231, 208, 237, 32, 5, 184, 59, 165, 249, 213, 208, 123, 218, 59, 149, 59, 249, 249, 123, 110, 76, 149, 120, 100, 18, 5, 52, 231, 249, 31, 231, 125, 110, 33, 109, 231, 125, 231, 249, 194, 22, 59, 18, 249, 231, 149, 194, 194, 187, 120, 249, 249, 231, 149, 123, 149, 149, 12, 231, 243, 33, 113, 100, 122, 191, 243, 100, 110, 33, 120, 231, 208, 18, 149, 110, 218, 193, 31, 100, 18, 18, 194, 50, 149, 243, 243, 243, 18, 33, 99, 76, 243, 62, 62, 131, 5, 99, 243, 125, 18, 76, 249, 113, 194, 62, 76, 62, 18, 231, 110, 99, 18, 100, 62, 100, 158, 5, 142, 192, 18, 76, 76, 228, 7, 110, 76, 243, 18, 100, 193, 194, 218, 231, 76, 208, 18, 18, 33, 113, 243, 62, 76, 120, 19, 194, 99, 18, 68, 249, 249, 12, 50, 5, 62, 149, 100, 243, 76, 50, 194, 187, 120, 68, 187, 249, 41, 50, 100, 243, 249, 74, 243, 110, 218, 220, 149, 243, 18]"
71003,"[43, 250, 81, 43, 43, 83, 83, 132, 14, 14, 131, 11, 67, 43, 121, 221, 204, 217, 85, 145, 255, 207, 233, 123, 125, 62, 62, 78, 207, 14, 185, 196, 188, 121, 255, 208, 66, 14, 121, 197, 117, 145, 55, 166, 81, 84, 168, 207, 43, 152, 185, 210, 62, 43, 43, 153, 208, 166, 66, 75, 85, 43, 152, 208, 22, 155, 173, 29, 243, 43, 45, 250, 166, 192, 208, 208, 152, 212, 179, 123, 216, 125, 45, 67, 216, 221, 66, 62, 208, 152, 45, 73, 176, 41, 249, 19, 165, 198, 235, 16, 16, 42, 216, 248, 208, 76, 156, 1, 249, 87, 125, 119, 188, 16, 66, 152, 43, 125, 76, 208, 16, 222, 249, 153, 182, 44, 87, 222, 21, 208, 153, 192, 153, 182, 113, 234, 12, 19, 249, 248, 62, 51, 81, 188, 247, 78, 208, 43, 218, 17, 208, 62, 188, 173, 29, 35, 233, 192, 188, 62, 255, 229, 16, 66, 76, 125, 43, 43, 121, 185, 123, 76, 62, 67, 131, 114, 1, 101, 249, 200, 249, 42, 132, 27, 60, 12, 216, 148, 43, 216, 113, 175, 12, 12, 165, 165, 180, 5, 60, 12, 165, 12, 165, 165, 123, 65, 19, 165, 114, 12, 87, 176, 1, 249, 165, 165, 182, 165, 5, 113, 19, 165, 19, 12, 165, 225, 123, 171, 98, 111, 190, 190, 1, 113, 87, 182, 165, 87, 114, 113, 155, 31, 182, 165, 57, 165, 246, 14, 249, 237, 165, 57, 86, 91, 16, 57, 165, 19, 165, 54, 113, 175, 12, 86, 79, 74, 216, 36, 166, 96, 77, 216, 165, 12, 234, 60, 118, 249, 165, 42, 78, 128, 17, 224, 76, 18, 76, 76, 16, 99, 76, 149, 76, 76, 76, 14, 250, 243, 18, 76, 76, 62, 110, 16, 224, 224, 121, 121, 45, 123, 175, 43, 76, 208, 121, 133, 5, 155, 76, 243, 76, 125, 76, 16, 210, 149, 76, 43, 62, 243, 175, 218, 59, 76, 76, 76, 125, 175, 128, 224, 62, 78, 208, 75, 151, 123, 76, 243, 62, 76, 18, 16, 81, 18, 76, 117, 125, 62, 175, 218, 149, 76, 197, 67, 76, 222, 7, 67, 208, 18, 62, 18, 250, 175, 252, 62, 85, 62, 158, 70, 9, 72, 76, 78, 168, 67, 175, 110, 72, 178, 15, 78, 78, 7, 16, 18, 243, 18, 62, 121, 250, 81, 173, 29, 18, 67, 208, 14, 81, 243, 62, 78, 121, 76, 16, 17, 125, 76, 121, 121, 76, 128, 8, 76, 125, 150, 192, 76, 123, 218, 76, 76, 76, 125, 76, 110, 16, 208, 76, 76, 76, 76, 110, 16, 76, 76, 67, 76, 125, 8, 18, 121, 208, 208, 76, 76, 16, 218, 76, 76, 76, 76, 76, 16, 250, 121, 76, 76, 76, 76, 16, 218, 76, 76, 125, 76, 76, 66, 8, 224, 224, 224, 76, 18, 16, 110, 153, 120, 100, 76, 76, 218, 16, 149, 243, 76, 76, 72, 142, 113, 192, 216, 57, 192, 153]"
71004,"[81, 179, 30, 188, 161, 198, 47, 17, 17, 47, 63, 236, 255, 131, 90, 184, 198, 83, 47, 133, 252, 20, 20, 160, 89, 160, 198, 160, 20, 184, 30, 153, 253, 2, 252, 179, 40, 95, 251, 95, 47, 95, 9, 51, 140, 83, 47, 196, 212, 123, 184, 92, 83, 49, 117, 47, 155, 9, 83, 63, 146, 236, 161, 7, 140, 160, 253, 147, 47, 214, 70, 205, 146, 141, 47, 95, 178, 20, 20, 160, 13, 154, 253, 75, 20, 20, 214, 30, 183, 147, 131, 37, 123, 131, 96, 249, 12, 12, 113, 113, 107, 109, 84, 109, 96, 27, 27, 162, 127, 80, 126, 126, 164, 201, 162, 127, 80, 126, 126, 164, 201, 162, 195, 200, 12, 107, 113, 113, 172, 208, 208, 62, 208, 81, 204, 146, 92, 247, 139, 78, 51, 14, 83, 188, 150, 13, 215, 9, 221, 83, 154, 224, 83, 145, 70, 123, 188, 43, 153]"
71005,"[204, 65, 89, 118, 174, 118, 174, 176, 21, 118, 38, 102, 48, 226, 204, 184, 167, 161, 30, 188, 63, 65, 184, 98, 189, 80, 190, 126, 164, 201, 162, 127, 80, 126, 126, 164, 201, 162, 195, 80, 195, 126, 164, 201, 162, 127, 80, 126, 126, 176, 65, 96, 189, 174, 190, 126, 164, 201, 162, 127, 80, 126, 126, 164, 201, 162, 195, 174, 118, 190, 164, 201, 162, 127, 80, 126, 126, 164, 201, 162, 195, 174, 118]"
71007,"[32, 57, 11, 33, 65, 192, 193, 12, 100, 93, 194, 33, 231, 93, 12, 120, 192, 156, 241, 31, 19, 57, 231, 229, 110, 52, 209, 217, 132, 109, 100, 175, 21, 217, 193, 87, 226, 213, 250, 142, 68, 12, 10, 165, 120, 123, 110, 193, 57, 249, 114, 74, 179, 234, 68, 86, 174, 174, 195, 39, 27, 162, 135, 174, 190, 190, 27, 21, 118, 189, 86, 174, 186, 164, 101, 162, 195, 223, 174, 118, 27, 60, 109, 109, 86, 31, 100, 222, 70, 31, 120, 186, 174, 126, 164, 201, 162, 195, 190, 71, 244, 66, 155, 187, 120, 235, 144, 191, 113, 21, 31, 109, 31, 31, 109, 176, 176, 38, 130, 96, 96, 235, 241, 194, 106, 244, 31, 68, 186, 176, 201, 162, 31, 187, 94, 109, 21, 176, 86, 31, 109, 235, 174, 33, 33, 120, 94, 31, 120, 10, 175, 99, 170, 61, 244, 187, 174, 39, 201, 162, 127, 80, 190, 190, 1, 33, 206, 120, 120, 187, 235, 241, 33, 31, 104, 120, 12, 120, 184, 194, 231, 196, 15, 243, 18, 8, 25, 61, 15, 196, 62, 125, 250, 218, 59, 187, 209, 48, 120, 5, 33, 237, 94, 58, 191, 6, 20, 123, 134, 59, 13, 226, 108, 155, 233, 95, 76, 180, 178, 59, 123, 155, 59, 30, 131, 209, 3, 17, 123, 61, 249, 120, 235, 235, 39, 201, 162, 127, 80, 190, 190, 52, 181, 165, 206, 94, 68, 187, 21, 41, 129, 206, 199, 92, 6, 194, 22, 209, 11, 49, 6, 192, 4, 70, 146, 209, 92, 243, 243, 88, 9, 95, 125, 61, 12, 58, 65, 88, 244, 144, 120, 235, 174, 39, 201, 162, 127, 80, 126, 126, 164, 201, 162, 127, 80, 126, 126, 164, 201, 162, 127, 80, 126, 126, 164, 201, 162, 127, 80, 126, 126, 164, 201, 162, 127, 80, 126]"
71008,"[72, 224, 207, 166, 250, 76, 255, 216, 64, 15, 250, 66, 152, 163, 247, 62, 62, 250, 133, 214, 117, 163, 247, 247, 166, 233, 121, 255, 153, 247, 119, 16, 233, 77, 55, 62, 208, 208, 142, 194, 76, 121, 76, 153, 119, 246, 250, 208, 45, 207, 220, 67, 66, 166, 45, 18, 76, 220, 173, 17, 5, 224, 18, 121, 112, 15, 218, 66, 131, 152, 188, 78, 247, 250, 233, 32, 253, 15, 229, 153, 51, 250, 121, 26, 131, 68, 170, 234, 5, 143, 129]"
71009,"[43, 173, 173, 16, 224, 43, 197, 208, 121, 16, 233, 192, 76, 76, 76, 208, 66, 218, 77, 18, 76, 220, 173, 166, 128, 220, 197, 18, 121, 18, 250, 4, 231, 173, 18, 76, 121, 250, 250, 72, 220, 247, 243, 55, 246, 250, 76, 112, 231, 18, 173, 16, 16, 224, 29, 18, 121, 121, 166, 221, 208, 197, 121, 168, 121, 250, 250, 153]"
71010,"[51, 16, 220, 224, 231, 76, 125, 5, 5, 192, 125, 62, 208, 125, 218, 233, 192, 125, 131, 11, 131, 234, 155, 216, 59, 125, 59, 125, 218, 240, 49, 125, 76, 149, 125, 8, 218, 125, 149, 76, 131, 231, 218, 110, 167, 43, 161, 3, 149, 194, 179, 12, 12, 217, 93, 12, 113, 33, 231, 243, 208, 131, 231, 142, 7, 243, 43, 229, 193, 167, 128, 142, 214, 231, 243, 193, 209, 7, 204, 92, 18, 18, 62, 249, 194, 113, 192, 243, 243, 208, 63, 3, 142, 192, 193, 77, 76, 72, 128, 66, 134, 125, 30, 131, 59, 50, 123, 59, 231, 243, 62, 208, 110, 22, 95, 78, 18, 18, 149, 179, 225, 12, 143, 59, 149, 62, 14, 51, 67, 131, 61, 231, 224, 88, 179, 3, 125, 105, 224, 61, 70, 59, 59, 49, 105, 57, 143, 22, 40, 95, 95, 105, 134, 236, 246, 40, 59, 11, 30, 93, 115, 128, 123, 30, 72, 134, 72, 125, 40, 8, 146, 3, 72, 125, 193, 225, 184, 217, 117, 72, 59, 61, 40, 155, 192, 149, 244, 196, 49, 35, 35, 11, 208, 196, 117, 168, 66, 9, 61, 61, 125, 125, 58]"
71011,"[43, 128, 142, 67, 228, 247, 183, 247, 51, 246, 247, 247, 247, 247, 139, 181, 176, 106, 189, 144, 111, 190, 36, 25, 71, 189, 223, 144, 144, 1, 101, 118, 189, 111, 98, 86, 101, 240, 139, 174, 42, 139, 144, 39, 36, 139, 98, 186, 190, 126, 164, 201, 162, 127, 80, 126, 126, 164, 201, 162, 127, 80, 126, 126, 164, 201, 162, 189, 199, 96, 174, 176, 201, 162, 127, 80, 126, 126, 164, 201, 162, 127, 80, 126]"
71012,"[188, 64, 49, 246, 246, 64, 163, 97, 121, 125, 66, 204, 12, 62, 121, 208, 133, 90, 123, 76, 76, 84, 15, 84, 210, 8, 18, 208, 132, 132, 82, 65, 88, 92, 62, 168, 208, 67, 8, 234, 59, 208, 67, 72, 224, 155, 81, 67, 76, 168, 76, 145, 9, 218, 72, 76, 173, 45, 62, 110, 233, 3, 55, 243, 76, 125, 218, 218, 125, 125, 117, 45, 196, 14, 210, 59, 149, 168, 76, 208, 16, 218, 125, 62, 208, 78, 72, 175, 22, 59, 149, 173, 55, 168, 218, 8, 72, 231, 43, 243, 102, 218, 218, 149, 149, 93, 19, 77, 218, 123, 97, 125, 131, 59, 59, 9, 194, 120, 30, 145, 120, 32, 123, 110, 59, 149, 231, 93, 143, 194, 218, 125, 61, 93, 236, 149, 22, 194, 59, 117, 62, 125, 62, 110, 175, 231, 18, 24, 117, 24]"
72001,"[225, 5, 198, 244, 98, 107, 107, 184, 184, 160, 213, 96, 11, 214, 20, 9, 160, 160, 160, 13, 231, 22, 155, 160, 160, 61, 160, 61, 20, 155, 187, 189, 174, 235, 199, 184, 234, 120, 10, 146, 11, 231, 22, 20, 244, 244, 2, 252, 244, 184, 184, 244, 11, 244, 236, 122, 184, 9, 244, 244, 244, 96, 244, 113, 28, 237, 206, 174, 189, 109, 175, 103, 71, 189, 186, 144, 190, 201, 176, 106, 186, 107, 249, 174, 176, 201, 106, 107, 89, 174, 190, 164, 201, 162, 195, 137, 153, 206, 21, 5, 12, 86, 56, 69, 171, 201, 27, 189, 87, 38, 163, 186, 39, 201, 162, 189, 136, 69, 189, 164, 176, 87, 145, 117, 132, 171, 52, 241, 171, 78, 78, 78, 191, 14, 14, 74, 93, 191, 145, 61, 70, 22, 59, 213, 115, 132, 226, 241, 101, 56, 85, 132, 226, 79, 33, 194, 135, 104, 109, 137, 145, 9, 123, 11, 244, 117, 149, 236, 179, 88, 95, 236, 83, 193, 146, 155, 8, 95, 147, 61, 149, 134, 9, 225, 160, 61, 117, 6, 231, 179, 225, 134, 61, 236, 193, 32, 20, 20, 77, 6, 236, 243, 161, 96]"
73001,"[255, 236, 191, 35, 70, 104, 61, 94, 255, 61, 35, 110, 104, 147, 61, 61, 78, 14, 70, 117, 147, 145, 61, 145, 110, 25, 149, 243, 147, 102, 168, 70, 88, 243, 147, 147, 61, 117, 35, 70, 61, 117, 117, 168, 168, 194, 194, 3, 147, 168, 243, 163, 70, 110, 191, 93, 104, 75, 147, 50, 70, 168, 168, 18, 168, 93, 70, 194, 61, 117, 117, 117, 117, 35, 35, 129, 117, 117, 75, 61, 70, 88, 168, 117, 18, 102, 147, 110, 88, 59, 147, 117, 213, 147, 179, 194, 104, 168, 168, 255, 168, 110, 35, 168, 147, 147, 168, 147, 35, 25, 61, 183, 61, 18, 168, 25, 9, 231, 18, 255, 191, 104, 35, 50, 154, 147, 117, 75, 213, 25, 179, 191, 147, 168, 147, 18, 35, 35, 136, 147, 145, 61, 147, 110, 128, 140, 149, 18, 6, 213, 22, 70, 145, 213, 104, 147, 75, 140, 35, 61, 183, 147, 102, 147, 70, 110, 255, 147, 168, 147, 117, 35, 35, 117, 61, 147, 117, 213, 35, 194, 117, 18, 147, 183, 147, 149, 110, 18, 61, 117, 117, 213, 14, 61, 191, 213, 117, 117, 147, 35, 35, 61, 117, 147, 183, 61, 25, 50, 104, 83, 147, 117, 147, 35, 35, 61, 117, 147, 213, 61, 35, 35, 196, 104, 117, 61, 61, 179, 9, 149, 168, 59, 100, 117, 110, 110, 18, 75, 61, 61, 133]"
73002,"[251, 95, 8, 66, 251, 57, 95, 178, 134, 155, 155, 212, 112, 212, 173, 212, 155, 204, 212, 253, 212, 216, 212, 17, 175, 165, 95, 72, 84, 55, 17, 66, 112, 212, 134, 178, 253, 175, 20, 13, 255, 178, 212, 212, 20, 185, 134, 105, 29, 212, 75, 155, 8, 134, 178, 105, 105, 29, 210, 8, 252, 178, 57, 55, 224, 4, 155, 29, 134, 134, 245, 212, 4, 212, 134, 212, 105, 84, 29, 155, 90, 77, 108, 212, 45, 29, 22, 113, 3, 178, 180, 252, 245, 5, 155, 158, 124, 180, 220, 158, 123, 175, 95, 76, 29, 29, 178, 90, 90, 87, 45, 212, 29, 220, 151, 123, 180, 178, 212, 212, 95, 5, 90, 134, 212, 173, 212, 192, 66, 4, 251, 180, 84, 178, 212, 175, 210, 95, 47, 95, 216, 252, 17, 175, 59, 84, 49, 95, 84, 175, 90, 95, 216, 212, 216, 214, 123, 218, 224, 84, 87, 248, 224, 210, 66, 12, 95, 216, 180, 178, 90, 5, 95, 43, 178, 134, 216, 8, 175, 87, 95, 212, 134, 45, 175, 155, 216, 57, 95, 224, 178, 155, 175, 59, 95, 224, 72, 178, 155, 155, 47, 77, 224, 220, 212, 210, 20, 95, 178, 95, 76, 216, 155, 142, 12, 12, 57, 95, 224, 210, 5, 180, 84, 76, 55, 224, 5, 90, 180, 29, 180, 212, 180, 8, 175, 192, 178, 57, 67, 224, 175, 123, 216, 134, 45, 178, 192, 175, 8, 95, 147, 57, 134, 18, 175, 123, 131, 217, 178, 192, 220, 5, 210, 134, 131, 134, 216, 95, 175, 8, 59, 224, 129, 165, 95, 175, 8, 57, 12, 12, 57, 165, 5, 113, 12, 57, 84, 19, 19, 5, 5, 178, 12, 180, 12, 57, 5, 60, 106, 189, 189, 32, 57, 5, 123, 6, 165, 12, 57, 32, 175, 5, 12, 165, 192, 43, 178, 155, 222, 192, 131, 180, 6, 95, 175, 123, 125, 178, 57, 102, 115, 110, 33, 165, 180, 180, 92, 45, 88, 234, 12, 57, 57, 105, 134, 34, 210, 134, 125, 77, 224, 105, 210, 40, 134, 171, 186, 190, 190, 201, 52, 230, 180, 87, 98, 109, 103, 204, 108, 180, 227, 84, 95]"
73003,"[32, 180, 5, 20, 244, 96, 146, 96, 58, 20, 20, 160, 13, 165, 160, 160, 184, 52, 198, 253, 94, 89, 118, 21, 5, 160, 198, 12, 19, 182, 113, 20, 13, 160, 96, 71, 30, 113, 113, 13, 97, 59, 249, 73, 20, 20, 12, 160, 19, 19, 253, 20, 225, 13, 157, 157, 230, 199, 20, 90, 213, 237, 73, 12, 124, 194, 241, 108, 160, 109, 202, 160, 9, 9, 192, 120, 13, 12, 23, 20, 9, 236, 89, 135, 12, 236, 204, 123, 46, 59, 59, 87, 89, 20, 20, 198, 89, 2, 13, 253, 65, 185, 95, 13, 160, 160, 236, 233, 9, 198, 236, 160, 231, 161, 9, 9, 236, 244, 198, 96, 12, 113, 205, 160, 30, 10, 160, 231, 33, 113, 160, 236, 249, 120, 12, 113, 20, 95, 180, 13, 160, 13, 123, 20, 13, 13, 160, 13, 12, 20, 123, 13, 13, 13, 12, 59, 5, 9, 12, 160, 120, 192, 236, 9, 9, 13, 12, 96, 30, 96, 155, 5, 59, 59, 244, 95, 76, 123, 233, 59, 68, 129]"
73004,"[65, 240, 62, 83, 131, 217, 67, 5, 225, 146, 77, 193, 217, 121, 128, 110, 12, 120, 12, 209, 231, 22, 5, 160, 107, 231, 149, 125, 22, 194, 120, 143, 59, 61, 229, 25, 110, 160, 213, 243, 134, 149, 110, 35, 149, 149, 117, 168, 18, 179, 225, 13, 3, 55, 149, 120, 9, 9, 61, 187, 107, 191, 177, 184, 70, 59, 34, 94, 143, 224, 50, 50, 129, 226, 226, 104, 120, 20, 50, 129, 61, 231, 149, 149, 179, 9, 196, 168, 93, 143, 180, 50, 50, 147, 94, 120, 97, 59, 70, 40, 59, 143, 97, 97, 143, 50, 5, 61, 104, 68, 59, 94, 50, 50, 244, 244, 104, 120, 61, 194, 194, 61, 96, 187, 97, 143, 33, 70, 61, 68, 104, 61, 143, 5, 5, 61, 129, 59, 59, 76, 50, 194, 213, 125, 196, 120, 191, 70, 70, 61, 143, 120, 68, 104, 5, 241, 213, 61, 249, 104, 68, 194, 184, 68, 104, 187, 97, 120, 194, 70, 143, 143, 12, 129, 76, 50, 61, 70, 131, 129, 76, 215, 70, 113, 120, 120, 59, 231, 149, 5, 20, 97, 134, 125, 59, 12, 50, 225, 59, 134, 59, 149, 11, 52, 50, 59, 59, 143, 76, 61, 110, 50, 59, 236, 68, 12, 61, 50, 225, 61, 147, 59, 59, 125, 50, 179, 143, 76, 59, 149, 224, 218, 22, 245, 143, 13, 59, 213, 155, 99, 93, 59, 59, 149, 131, 123, 123, 59, 243, 243, 149, 224, 142, 20, 213, 49, 47, 59, 224, 218, 155, 59, 125, 231, 193, 192, 166, 7, 178, 231, 125, 125, 231, 142, 175, 192, 149, 149, 125, 125, 218, 9, 92, 149, 178, 54, 104, 50, 50, 59, 216, 48, 187, 68, 194, 16, 135, 192, 125, 149, 59, 110, 70, 95, 125, 68, 243, 43, 110, 88, 224, 149, 18, 104, 86, 21, 70, 62, 12, 104, 59, 208, 88, 194, 109, 186, 223, 190, 126, 164, 201, 162, 127, 80, 190, 189, 21, 27, 162, 127, 80, 190, 190, 39, 103, 169, 86, 174, 190, 126, 164, 201, 162, 127, 80, 126, 126, 164, 201, 162, 127, 80, 126, 126, 164, 201, 162, 38, 161, 235, 190, 164, 201, 162, 127, 80, 126, 126, 164, 201, 162, 127, 80, 235, 107, 184, 184, 98, 106, 198, 200, 68, 225, 90, 98, 189, 167, 161, 235, 176, 91, 161, 86, 174, 235, 107, 184, 27, 98, 195, 80, 190, 190, 103, 156, 174, 189, 223, 190, 219, 99, 246, 150, 226, 182, 19, 192, 16, 113, 114, 182, 167, 228, 165, 181, 65, 114, 167, 6, 165, 107, 113, 101, 199, 96, 174, 174, 254, 103, 246, 18, 34, 109, 235, 148, 222, 240, 24, 98, 32, 34, 120, 116, 222, 38, 67, 34, 132, 86, 7, 210, 187, 98, 79, 174, 127, 91, 222, 98, 177, 34, 34, 34, 110, 65, 89, 174, 167, 228, 114, 181, 116, 150, 188, 183, 132, 228, 60, 241, 89, 182, 19, 249, 171, 113, 142, 87, 114, 249, 200, 135, 241, 222, 114, 216, 94, 94, 165, 234, 5, 77, 216, 74, 153, 182, 234, 5, 12, 19, 165, 87, 114, 91, 218, 125, 168, 107, 94, 177, 5, 113, 74, 216, 165, 114, 114, 113, 175, 114, 165, 12, 165, 249, 1, 5, 19, 32, 180, 57, 114, 5, 5, 192, 216, 10, 180, 57, 240, 142, 165, 165, 249, 167, 228, 5, 113, 167, 208, 228, 42, 78, 222, 116, 228, 57, 107, 98, 171, 21, 113, 107, 19, 19, 12, 78, 221, 233, 78, 228, 208, 62, 121, 222, 52, 182, 165, 98, 114, 192, 175, 5, 191, 208, 24, 32, 59, 41, 194, 163, 77, 216, 249, 107, 181, 113, 107, 192, 62, 45, 132, 66, 166, 182, 87, 94, 158, 57, 113, 101, 177, 165, 132, 171, 79, 60, 21, 165, 228, 115, 228, 167, 250, 113, 231, 249, 114, 182, 242, 50, 241, 209, 45, 153, 12, 182, 234, 5, 12, 249, 249, 44, 107, 241, 5, 76, 216, 87, 114, 177, 113, 16, 129, 76, 43, 228, 48, 234, 5, 12, 10, 114, 177, 248, 142, 5, 32, 192, 78, 228]"
73005,"[157, 192, 55, 243, 233, 51, 83, 208, 49, 229, 229, 246, 179, 30, 207, 163, 188, 78, 110, 128, 55, 243, 125, 125, 43, 81, 123, 49, 125, 125, 153, 192, 66, 155, 243, 220, 153, 141, 49, 218, 66, 163, 208, 18, 208, 24, 4, 233, 208, 208, 62, 188, 121, 16, 233, 191, 208, 208, 132, 188, 233, 9, 119, 243, 15, 62, 208, 175, 240, 208, 62, 43, 131, 217, 16, 151, 236, 119, 247, 247, 26, 218, 233, 238, 172, 62, 158, 30, 232, 52, 13, 64, 243, 131, 30, 16, 156, 13, 78, 119, 247, 196, 233, 155, 253, 243, 153, 236, 220, 232, 123, 64, 208, 208, 76, 62, 175, 20, 192, 220, 208, 208, 45, 246, 51, 64, 229, 208, 76, 208, 175, 9, 18, 49, 49, 236, 220, 246, 233, 163, 95, 49, 78, 55, 16, 142, 95, 173, 212, 208, 125, 218, 123, 59, 125, 62, 208, 93, 17, 233, 208, 125, 49, 49, 43, 155, 175, 49, 236, 153, 13, 95, 155, 175, 238, 236, 229, 220, 76, 246, 232, 192, 229, 125, 125, 153, 241, 81, 220, 49, 64, 125, 208, 81, 175, 236, 49, 247, 208, 49, 81, 81, 141, 212, 49, 64, 227, 9, 4, 213, 212, 152, 153, 192, 155, 210, 172, 208, 208, 83, 45, 14, 205, 141, 131, 213, 141, 26, 151, 20, 236, 212, 47, 152, 49, 221, 123, 47, 49, 49, 49, 47, 221, 81, 47, 47, 47, 47, 49, 51, 8, 47, 47, 227, 11, 202, 81, 233, 84, 163, 45, 64, 102, 123, 81, 47, 64, 212, 83, 255, 221, 221, 49, 227, 58, 212, 196, 14, 4, 95, 220, 153, 141, 125, 250, 222, 227, 58, 85, 85, 26, 4, 155, 92, 24, 121, 76, 255, 166, 240, 229, 229, 229, 76, 125, 16, 20, 236, 229, 178, 236, 247, 14, 81, 212, 47, 49, 75, 92, 81, 88, 134, 229, 47, 236, 24, 25, 20, 13, 11, 30, 125, 207, 25, 20, 196, 130, 89, 58, 191, 81, 151, 58, 183, 83, 196, 26, 35, 233, 192, 119, 193, 172, 145, 175, 123, 64, 117, 163, 145, 49, 117, 51, 62, 62, 163, 255, 43, 210, 88, 76, 78, 163, 243, 117, 128, 17, 76, 229, 145, 208, 229, 221, 4, 77, 62, 247, 85, 62, 142, 113, 74, 188, 47, 196, 168, 218, 218, 224, 67, 243, 255, 255, 51, 35, 47, 55, 117, 63, 115, 250, 110, 6, 74, 196, 255, 26, 88, 250, 229, 147, 229, 117, 145, 179, 52, 30, 117, 93, 191, 196, 25, 110, 78, 6, 231, 196, 11, 81, 222, 11, 196, 78]"
73006,"[96, 94, 61, 20, 70, 61, 117, 61, 120, 61, 9, 9, 13, 214, 214, 13, 11, 184, 184, 58, 95, 11, 132, 95, 20, 225, 13, 11, 208, 43, 83, 218, 233, 97, 255, 255, 97, 13, 88, 25, 26, 67, 112, 192, 67, 204, 28, 253, 102, 43, 131, 115, 110, 116, 67, 26, 47, 163, 198, 184, 240, 67, 43, 229, 117, 11, 9, 250, 178, 102, 145, 13, 160, 8, 155, 212, 180, 95, 134, 13, 20, 70, 95, 236, 97, 160, 213, 70, 155, 134, 13, 182, 32, 61, 184, 60, 120, 187, 54, 143, 68, 8, 194, 97, 98, 187, 143, 8, 8, 70, 59, 157, 108, 134, 61, 176, 28, 54, 68, 206, 249, 143, 234, 50, 74, 149, 143, 32, 59, 50, 50, 231, 68, 129, 73, 200, 50, 194, 86, 182]"
73007,"[51, 221, 55, 147, 183, 163, 213, 221, 51, 229, 62, 18, 18, 243, 16, 17, 55, 243, 243, 208, 62, 250, 110, 224, 18, 76, 62, 243, 246, 250, 62, 243, 18, 243, 62, 110, 250, 62, 243, 62, 62, 18, 110, 250, 18, 62, 243, 62, 229, 110, 250, 153, 59, 15, 243, 62, 246, 110, 76, 76, 18, 18, 18, 246, 16, 76, 76, 62, 168, 18, 16, 14, 62, 224, 76, 76, 243, 128, 17, 76, 224, 168, 76, 192, 16, 16, 18, 149, 76, 45, 228, 91, 250, 18, 125, 76, 67, 125, 99, 110, 76, 76, 125, 76, 18, 110, 14, 117, 212, 243, 76, 76, 250, 250, 76, 125, 78, 208, 62, 110, 16, 76, 125, 18, 18, 76, 250, 175, 158, 115, 76, 18, 121, 123, 250, 76, 125, 18, 76, 72, 128, 66, 76, 76, 6, 231, 76, 16, 16, 76, 76, 18, 18, 125, 250, 250, 121, 125, 243, 76, 76, 250, 16, 131, 95, 18, 131, 192, 218, 175, 18, 18, 18, 62, 18, 110, 16, 248, 208, 18, 121, 67, 16, 51, 15, 15, 18, 243, 76, 250, 16, 18, 76, 76, 76, 178, 194, 51, 78, 15, 18, 121, 208, 250, 110, 76, 125, 125, 216, 45, 250, 16, 243, 18, 208, 121, 76, 250, 250, 62, 76, 131, 77, 76, 16, 218, 76, 76, 67, 76, 125, 16, 14, 125, 76, 76, 76, 76, 233, 123, 55, 18, 76, 76, 121, 128, 218, 76, 76, 76, 76, 6, 7, 218, 125, 125, 125, 76, 125, 233, 250, 76, 76, 168, 18, 243, 128, 218, 76, 125, 216, 192, 67, 218, 175, 76, 18, 62, 49, 178, 155, 51, 76, 15, 63, 61, 78, 14, 110, 117, 147, 117, 15, 62, 250, 142, 74, 18, 62, 95, 15, 250, 110, 229, 62, 243, 15, 43, 179, 9, 93, 97, 168, 121, 236, 179, 194, 62, 243, 243, 62, 93, 194, 110, 228, 61, 62, 229, 62, 250, 250, 62, 72, 224, 18, 18, 51, 232, 100, 247, 102, 62, 15, 250, 250, 18, 18, 18, 149, 95, 250, 250, 243, 18, 18, 224, 6, 194, 218, 76, 188, 82, 100, 228, 9, 9, 62, 121, 149, 229, 62, 110, 250, 173, 224, 18, 15, 62, 179, 218, 67, 224, 243, 49, 191, 246, 250, 18, 224, 18, 193, 160, 9, 16, 18, 18, 18, 89, 30, 246, 250, 208, 229, 243, 121, 196, 250, 246, 229, 15, 18, 158, 61, 155, 250, 18, 18, 224, 58, 160, 9, 246, 229, 229, 243, 158, 61, 110, 110, 183, 132, 18, 158, 236, 110, 250, 119, 229, 243, 133, 252, 250, 128, 18, 6, 134, 84, 133, 9, 110, 229, 196, 243, 169, 120, 184, 9, 119, 236, 18, 18, 243, 110, 246, 122, 31, 87, 95, 191, 1, 241, 187, 192, 87, 100, 71, 70, 9, 237, 120, 87, 206, 206, 241, 194, 134, 215, 61, 12, 109, 60, 241, 213, 244, 87, 48, 213, 232, 70, 213, 135, 244, 206, 244, 70, 52, 11, 11, 135, 13, 95, 52, 9, 198, 117, 61, 11, 213, 5, 39, 191, 213, 73, 198, 191, 184, 184, 57, 244, 109, 87, 19, 8, 241, 109, 30, 183, 57, 213, 123, 1, 94, 86, 200, 68, 144, 241, 101, 135, 135, 86, 73, 13, 70, 20, 213, 224, 160, 244, 104, 5, 175, 134, 226, 120, 213, 206, 52, 123, 94, 244, 13, 237, 94, 234, 175, 160, 244, 32, 84, 157, 9, 9, 244, 135, 109, 73, 87, 70, 155, 11, 206, 32, 57, 12, 113, 184, 226, 212, 97, 187, 46, 185, 33, 109, 206, 31, 108, 245, 50, 184, 253, 214, 212, 124, 180, 90, 9, 213, 2, 252, 33, 97, 20, 99, 24, 231, 11, 187, 109, 194, 113, 61, 236, 235, 104, 165, 205, 9, 237, 198, 206, 12, 253, 36, 70, 244, 61, 215, 11, 135, 20, 9, 213, 135, 73, 73, 244, 184, 101, 106, 195, 80, 126, 126, 164, 201, 162, 127, 80, 126, 126, 164, 201, 162, 127, 80, 126, 126, 164, 201, 162, 127, 80, 126, 126, 164, 201, 162, 127, 80, 190, 174, 33, 27, 86, 195, 223, 31, 111, 241, 241, 170, 73, 202, 58, 172, 155, 184, 11, 64, 55, 102, 147, 35, 70, 97, 97, 147, 64, 47, 35, 35, 214, 117, 75, 140, 61, 7, 50, 251, 160, 191, 147, 96]"
73008,"[82, 18, 110, 194, 68, 104, 68, 120, 213, 88, 194, 68, 143, 231, 97, 120, 194, 88, 68, 68, 120, 213]"
73009,"[209, 2, 90, 155, 208, 192, 208, 130, 95, 66, 20, 87, 30, 153, 13, 198, 232, 13, 13, 13, 87, 160, 13, 16, 233, 13, 220, 13, 152, 49, 51, 233, 13, 228, 87, 13, 85, 246, 221, 192, 131, 136, 227, 96, 155, 155, 95, 253, 57, 13, 13, 225, 34, 160, 160, 180, 134, 180, 233, 205, 89, 2, 253, 212, 192, 221, 233, 49, 163, 192, 169, 87, 37, 205, 95, 150, 32, 192, 153, 20, 184, 96, 146, 13, 13, 13, 184, 20, 30, 45, 152, 192, 152, 233, 155, 71]"
73010,"[83, 45, 152, 16, 156, 192, 208, 131, 109, 192, 179, 175, 115, 131, 192, 125, 192, 233, 233, 30, 45, 45, 64, 26, 4, 184, 74, 43, 220, 49, 152, 175, 155, 192, 220, 125, 220, 220, 51, 51, 45, 220, 45, 152, 141, 66, 222, 220, 47, 153, 253, 49, 16, 128, 34, 255, 153, 78, 83, 128, 22, 0, 45, 121, 121, 85, 221, 166, 121, 24, 152, 85, 207, 221, 166, 67, 212, 6, 45, 26, 14, 16, 64, 97, 224, 84, 84, 221, 233, 125, 64, 24, 64, 152, 151, 123, 183, 196, 49, 47, 212, 218, 221, 220, 247, 152, 45, 255, 210, 210, 84, 224, 119, 132, 152, 14, 81, 95, 247, 152, 47, 224, 142, 205, 213, 133, 134, 26, 207, 218, 233, 152, 150, 87, 44, 145, 166, 5, 192, 208, 163, 26, 43, 66, 16, 75, 49, 145, 47, 49, 221, 204, 192, 158, 30, 24, 183, 66, 233, 152, 229, 45, 45, 132, 233, 20, 95, 83, 26, 45, 152, 250, 233, 87, 152, 152, 132, 132, 51, 221, 152, 78, 78, 132, 207, 233, 37, 45, 62, 67, 216, 87, 99, 221, 45, 207, 43, 150, 19, 241, 241, 152, 145, 67, 67, 132, 221, 221, 188, 43, 67, 228, 255, 14, 51, 255, 212, 6, 214, 192, 250, 151, 92, 132, 47, 255, 67, 128, 218, 168, 45, 43, 45, 45, 221, 5, 192, 152, 83, 152, 207, 221, 221, 208, 168, 45, 247, 188, 250, 142, 57, 67, 131, 0, 45, 51, 233, 77, 208, 153, 68, 182, 241, 65, 165, 62, 62, 216, 248, 204, 184, 13, 87, 56, 152, 132, 241, 60, 89, 74, 153, 44, 19, 184, 113, 57, 249, 167, 228, 107, 113, 123, 216, 6, 12, 87, 208, 5, 5, 192, 45, 45, 132, 255, 156, 66, 125, 208, 208, 131, 212, 233, 194, 237, 10, 3, 34, 118, 21, 27, 162, 127, 80, 126, 126, 164, 201, 162, 195, 174, 107, 30, 51, 204, 141, 152, 152, 207, 145, 222, 33, 162, 195, 80, 126, 126, 164, 27, 107, 30, 152, 141, 152, 221, 222, 253, 43, 131, 217, 220, 221, 35, 83, 45, 6, 57, 187, 176, 27, 162, 127, 80, 126, 126, 164, 201, 162, 127, 80, 126, 190, 176, 21, 165, 203, 230, 87, 230, 234, 210, 215, 206, 230, 107, 165, 101, 66, 171, 114, 186, 71, 165, 234, 33, 189, 195, 80, 126, 126, 164, 201, 162, 127, 80, 126, 126, 164, 201, 162, 127, 80, 126, 126, 164, 201, 162, 127, 80, 126, 126, 164, 201, 162, 127, 80, 126, 126, 164, 201, 162, 195, 38, 188, 64, 88, 70, 79, 174, 190, 167, 85, 179, 91, 85, 229, 247, 147, 154, 156, 176, 174, 195, 80, 254, 137, 246, 246, 163, 15, 102, 64, 183, 156, 70, 62, 229, 152, 97, 92, 51, 51, 188, 247, 247, 152, 102, 156, 240, 64, 64, 247, 247, 147, 156, 52, 162, 195, 80, 126, 126, 164, 201, 162, 195, 190, 137, 247, 81, 246, 188, 102, 247, 64, 147, 51, 151, 70, 217, 238, 186, 190, 164, 201, 162, 127, 80, 254, 38, 51, 246, 247, 83, 154, 238, 0, 179, 184, 217, 83, 43, 247, 83, 51, 25, 64, 78, 24, 189, 190, 164, 201, 162, 195, 223, 137, 119, 246, 113, 30, 145, 64, 85, 169, 241, 28, 148, 161, 209, 48, 199, 240, 204, 92, 82, 209, 92, 63, 240, 204, 209, 217, 188, 188, 139, 176, 201, 162, 127, 80, 126, 126, 164, 201, 162, 127, 80, 126, 126, 164, 201, 162, 127, 80, 126, 126, 164, 201, 38, 188, 83, 154]"
73011,"[65, 7, 112, 96, 160, 95, 12, 99, 131]"
81001,"[221, 247, 64, 102, 43, 175, 210, 76, 67, 220, 29, 55, 218, 210, 55, 64, 207, 72, 29, 66, 218, 45, 76, 45, 224, 45, 221, 17, 45, 76, 55, 45, 45, 233, 16, 76, 45, 208, 76, 220, 221, 16, 212, 208, 45, 45, 72, 66, 16, 212, 45, 76, 45, 76, 66, 66, 45, 76, 45, 208, 76, 16, 233, 49, 119, 152, 152, 45, 175, 17, 49, 76, 197, 121, 125, 66, 210, 220, 208, 76, 212, 173, 16, 16, 212, 178, 173, 197, 62, 218, 123, 208, 255, 196, 121, 45, 166, 233, 76, 76, 212, 220, 197, 166, 16, 55, 55, 255, 45, 229, 142, 5, 45, 197, 55, 18, 45, 14, 17, 152, 64, 78, 173, 212, 17, 221, 125, 224, 212, 229, 76, 175, 66, 45, 6, 216, 133, 29, 221, 16, 45, 62, 76, 76, 208, 16, 66, 45, 76, 220, 220, 55, 175, 155, 208, 76, 121, 224, 220, 210, 233, 192, 76, 112, 57, 173, 66, 51, 220, 18, 224, 224, 224, 166, 218, 178, 76, 121, 62, 208, 250, 16, 220, 224, 76, 208, 121, 66, 233, 208, 220, 125, 220, 243, 16, 66, 152, 47, 121, 121, 197, 17, 210, 229, 125, 26, 224, 125, 250, 66, 243, 224, 121, 76, 152, 250, 233, 125, 45, 75, 62, 76, 17, 16, 45, 76, 76, 76, 125, 16, 210, 45, 76, 220, 62, 76, 175, 128, 220, 211, 121, 76, 220, 21, 66, 216, 216, 248, 18, 220, 7, 210, 76, 216, 42, 220, 76, 175, 16, 224, 173, 220, 224, 220, 16, 123, 76, 84, 216, 173, 216, 16, 66, 84, 76, 131, 180, 112, 175, 113, 84, 158, 245, 220, 197, 16, 16, 165, 76, 153, 42, 45, 25, 1, 170, 77, 224, 55, 125, 175, 155, 76, 224, 180, 34, 255, 250, 17, 76, 180, 180, 212, 112, 8, 16, 212, 84, 192, 76, 18, 210, 218, 84, 224, 55, 49, 208, 66, 128, 29, 76, 49, 220, 255, 66, 17, 224, 84, 180, 224, 197, 155, 155, 95, 76, 224, 55, 173, 175, 17, 29, 224, 220, 132, 208, 128, 17, 49, 255, 49, 121, 29, 175, 16, 208, 121, 45, 208, 76, 128, 175, 55, 112, 45, 208, 49, 210, 66, 224, 212, 208, 152, 55, 17, 175, 152, 49, 255, 45, 49, 66, 175, 208, 55, 45, 212, 216, 155, 218, 224, 76, 76, 76, 220, 66, 66, 212, 152, 47, 45, 55, 66, 233, 34, 183, 125, 76, 76, 175, 5, 55, 220, 208, 125, 76, 218, 210, 208, 76, 43, 220, 125, 66, 81, 45, 29, 224, 220, 49, 175, 155, 220, 178, 12, 55, 247, 36, 156, 192, 62, 62, 158, 165]"
81003,"[34, 149, 247, 62, 218, 218, 131, 85, 43, 43, 43, 218, 66, 43, 76, 82, 248, 43, 218, 233, 192, 125, 178, 182, 209, 113, 218, 125, 208, 78, 208, 76, 218, 16, 131, 57, 165, 167, 67, 218, 233, 43, 220, 193, 12, 248, 16, 204, 217, 43, 208, 208, 153, 240, 14, 43, 43, 153, 79, 182, 5, 113, 192, 43, 208, 82, 170, 113, 113, 136, 78, 43, 43, 43, 218, 204, 12, 192, 125, 125, 43, 218, 16, 220, 228, 167, 255, 169, 91, 151, 13, 229, 133, 252, 43, 128, 175, 224, 29, 242, 253, 177, 185, 234, 192, 67, 29, 158, 146, 241, 113, 217, 67, 55, 197, 173, 17, 110, 76, 55, 208, 173, 29, 8, 17, 76, 131, 58, 44, 74, 16, 5, 249, 10, 77, 29, 197, 185, 166, 159, 248, 255, 67, 220, 17, 185, 152, 75, 197, 197, 45, 14, 128, 112, 6, 3, 140, 133, 185, 250, 255, 43, 67, 197, 171, 205, 240, 229, 121, 55, 43, 197, 185, 240, 6]"
81004,"[83, 45, 55, 221, 123, 43, 125, 76, 243, 45, 221, 16, 45, 6, 59, 12, 167, 51, 16, 212, 55, 72, 224, 208, 218, 218, 76, 229, 121, 29, 208, 233, 218, 125, 125, 134, 72, 72, 218, 233, 49, 49, 208, 45, 208, 218, 175, 49, 76, 125, 208, 49, 175, 175, 229, 208, 208, 125, 208, 123, 16, 125, 84, 72, 224, 49, 218, 175, 76, 49, 76, 83, 76, 175, 218, 125, 125, 125, 125, 125, 16, 218, 125, 149, 49, 76, 55, 123, 123, 125, 125, 76, 125, 208, 246, 66, 158, 159, 59, 12, 249, 5, 5, 44, 48, 180, 131, 87, 175, 113, 170, 96, 87, 152, 192, 16, 1, 202, 19, 12, 87, 153, 113, 113, 98, 226, 12, 87, 111, 21, 1, 111, 98, 12, 12, 144, 234, 1, 71, 19, 203, 44, 87, 101, 21, 94, 189, 235, 249, 177, 33, 41, 165, 107, 177, 57, 87, 241, 234, 19, 107, 165, 177, 87, 60, 113, 71, 32, 87, 203, 87, 241, 70, 6, 59, 170, 114, 215, 60, 113, 170, 253, 12, 12, 226, 113, 241, 114, 12, 87, 203, 44, 234, 28, 170, 58, 23, 165, 87, 65, 20, 13, 87, 87, 199, 226, 28, 205, 170, 202, 13, 19, 87, 113, 233, 230, 170, 19, 87, 202, 20, 113, 87, 13, 114, 12, 46, 184, 151, 11, 135, 202, 146, 87, 1, 27, 174, 86, 94, 87, 171, 21, 27, 106, 48, 226, 114, 19, 5, 5, 94, 86, 202, 13, 114, 60, 181, 177, 180, 87, 71, 87, 101, 241, 230, 106, 230, 79, 202, 184, 205, 13, 48, 19, 87, 71, 181, 181, 171, 114, 79, 170, 58, 241, 241, 114, 189, 171, 171, 170, 241, 101, 106, 235, 170, 171, 226, 241, 101, 10, 12, 171, 170, 230, 241, 60, 10, 203, 170, 114, 200, 33, 101, 31, 120, 186, 254, 126, 164, 201, 162, 195, 174, 235, 94, 113, 113, 106, 186, 202, 244, 71, 176, 201, 162, 127, 80, 126, 126, 164, 201, 162, 127, 80, 126, 126, 164, 201, 162, 127, 80, 126, 126]"
81005,"[209, 12, 5, 5, 12, 12, 96, 12, 180, 5, 5, 12, 231, 93, 59, 12, 5, 5, 12, 59, 59, 96, 32, 194, 33, 120, 68, 68, 143, 191, 65, 184, 46, 146, 32, 249, 32, 194, 9, 170, 146, 146, 12, 146, 5, 184, 87, 10, 96, 12, 146, 70, 5, 59, 12, 59, 104, 13, 5, 5, 59, 192, 193, 180, 96, 241, 1, 104, 170, 187, 57, 57, 234, 234, 104, 32, 120, 187, 68, 194, 194, 68, 120, 68, 213, 187, 194, 194, 68, 68, 68, 68, 68, 194, 110, 97, 68, 120, 120, 187, 5, 50, 68, 68, 68, 68, 68, 194, 194, 187, 97, 68, 68, 68, 194, 50, 129, 129, 68, 129, 120, 33, 70, 170, 109, 174, 190, 126, 164, 201, 162, 127, 80, 126, 126, 164, 201, 162, 127, 80, 126, 126, 164, 201, 162, 127, 80, 190, 189, 65, 184, 214, 214, 171, 230, 190, 164, 201, 162, 127, 80, 126, 126, 164, 201, 162, 127, 80, 126, 126, 164, 201, 162, 127, 80, 126, 126, 164, 201, 162, 127, 80, 126, 126, 164, 201, 162, 127, 80, 126, 126, 164, 201, 162, 127, 80, 126, 126, 164, 201, 162, 127, 80, 126, 126, 164, 201, 162, 127, 80, 126, 126, 164, 201, 162, 127, 80, 126, 126, 164, 201, 162, 127, 80, 126, 126, 164, 201, 162, 127, 80, 126, 126, 164, 201, 162, 127, 80, 126, 126, 164, 201, 162, 127, 80, 126, 126, 164, 201, 162, 127, 80, 190, 190, 21, 88, 44, 118, 79, 114, 171, 181, 205, 106, 226, 87, 171, 135, 28, 181, 114, 19, 165, 87, 79, 60, 205, 94, 226, 48, 170, 170, 113, 181, 214, 170, 114, 89, 171, 241, 52, 171, 171, 235, 94, 48, 241, 181, 170, 170, 170, 171, 135, 60, 101, 171, 86, 135, 171, 170, 65, 181, 202, 189, 171, 171, 171, 60, 181, 94, 135, 135, 135, 171, 241, 101, 71, 135, 135, 203, 235, 27, 176, 106, 171, 135, 71, 138, 52, 241, 215, 135, 171, 87, 71, 241, 52, 87, 106, 171, 186, 98, 241, 241, 135, 2, 134, 170, 235, 60, 241, 87, 58, 214, 58, 114, 241, 60, 171, 171, 171, 171, 11, 101, 60, 206, 206, 235, 235, 87, 101, 201, 171, 189, 107, 94, 230, 101, 101, 135, 206, 104, 135, 171, 241, 194, 120, 191, 135, 206, 206, 181, 33, 68, 120, 237, 109, 96, 33, 70, 237, 199, 213, 54, 68, 41, 50, 206]"
81006,"[167, 43, 131, 240, 179, 30, 238, 74, 243, 125, 218, 179, 30, 93, 57, 77, 6, 8, 5, 77, 125, 6, 192, 208, 233, 91, 131, 248, 85, 153, 77, 218, 204, 192, 85, 63, 217, 188, 142, 113, 217, 43, 130, 92, 82, 234, 210, 243, 125, 131, 182, 192, 66, 233, 192, 43, 63, 3, 6, 28, 21, 98, 86, 114, 12, 32, 225, 234, 19, 182, 114, 180, 19, 60, 234, 10, 107, 12, 32, 200, 101, 27, 162, 127, 80, 126, 126, 164, 201, 162, 127, 80, 126, 126, 164, 201, 162, 127, 80, 126, 126, 164, 201, 162, 127, 80, 126, 126, 164, 201, 162, 127, 80, 126, 126, 164, 201, 162, 127, 80, 126, 126, 164, 201, 162, 127, 80, 190, 126, 39, 103, 69, 186, 190, 190, 126, 164, 201, 162, 127, 80, 126, 126, 164, 201, 162, 127, 80, 126, 126, 164, 201, 162, 127, 80, 126, 126, 164, 201, 162, 127, 80, 126, 126, 164, 201, 162, 127, 80, 126, 126, 164, 201, 162, 127, 80, 126, 126, 164, 201, 162, 127, 80, 126, 126, 164, 201, 162, 195, 106, 73, 138, 39, 201, 106, 73, 174, 190, 126, 164, 201, 162, 127, 80, 126, 126, 164, 201, 162, 127, 80, 126, 126, 164, 201, 162, 127, 80, 126, 126, 164, 201, 162, 195, 106, 73, 186, 21, 52, 237, 73, 73, 73, 244, 184, 103, 106, 73, 206, 73, 73, 21, 184, 73, 244, 244, 73, 215, 9, 184, 244, 244, 215, 73, 73, 205, 184, 244, 206, 73, 73, 73, 184, 52, 73, 206, 186, 73, 73, 52, 184, 215, 157, 186, 73, 73, 21, 52, 244, 206, 106, 73, 73, 184, 184, 244, 73, 186, 73, 73, 184, 52, 244, 206, 186, 244, 244, 184, 184, 73, 73, 186, 206, 73, 184, 184, 244, 206, 73, 73, 73, 184, 184, 244, 206, 157, 244, 157, 184, 52, 73, 206, 215, 244, 244, 21, 52, 235, 98, 186, 73, 235, 21, 21, 73, 73, 186, 73, 73, 184, 184, 244, 73, 244, 73, 73, 21, 52, 244, 244, 73, 157, 244, 184, 184, 237, 73, 157, 73, 73, 184, 184, 73, 206, 186, 186, 206, 21, 52, 244, 73, 144, 157, 244, 52, 184, 157, 73, 237, 10, 182, 176, 41, 23, 237, 235, 107, 107, 1, 21, 237, 118, 107, 249, 107, 176, 21, 237, 107, 107, 107, 107, 21, 21, 237, 10, 107, 107, 118, 21, 21, 106, 107, 107, 200, 249, 1, 21, 237, 86, 107, 107, 235, 21, 1, 249, 10, 44, 107, 107, 21, 1, 237, 107, 107, 107, 235, 21, 113, 237, 107, 107, 44, 31, 1, 41, 249, 249, 23, 109, 237, 21, 1, 111, 86, 31, 249, 249, 1, 52, 244, 206, 111, 186, 186, 39, 39, 73, 206, 186, 73, 73, 176, 176, 206, 206, 111, 186, 186, 176, 52, 73, 206, 206, 206, 73, 176, 52, 73, 206, 206, 206, 206, 1, 21, 206, 206, 186, 206, 206, 176, 52, 244, 206, 174, 206, 206, 176, 184, 244, 244, 73, 244, 244, 184, 21, 111, 73, 186, 73, 206, 176, 176, 73, 73, 144, 86, 206, 21, 184, 206, 206, 107, 73, 73, 27, 184, 237, 206, 106, 73, 206, 176, 184, 244, 206, 206, 206, 86, 21, 52, 73, 73, 71, 244, 237, 1, 52, 244, 73, 186, 206, 206, 39, 52, 244, 244, 206, 106, 244, 206]"
81007,"[199, 70, 70, 213, 244, 213, 213, 244, 9, 9, 120, 61, 244, 109, 120, 194, 241, 61, 97, 244, 143, 100, 33, 20, 97, 231, 244, 213, 31, 194, 194, 213, 143, 244, 213, 244, 9, 33, 86, 31, 187, 61, 143, 194, 194, 68, 143, 244, 97, 97, 194, 184, 97, 68, 120, 187, 120, 194, 50, 231, 61, 213, 54, 68, 33, 194, 68, 68, 68, 61, 61, 97, 9, 120, 68, 68, 120, 97, 194, 234, 68, 206, 31, 120, 120, 194, 1, 187, 68, 120, 120, 120, 33, 101, 68, 120, 97, 143, 109, 88, 194, 68, 187, 68, 68, 143, 33, 234, 68, 187, 68, 68, 68, 33, 194, 68, 143, 187, 68, 120, 88, 194, 211, 129, 187, 68, 120, 194, 194, 68, 68, 68, 54, 143, 194, 194, 68, 187, 54, 68, 129, 50, 181, 109, 31, 120, 129, 120, 194, 234, 68, 31, 120, 213, 120, 194, 1, 213, 187, 97, 249, 68, 194, 50, 187, 68, 187, 31, 68, 194, 1, 120, 187, 120, 68, 120, 33, 33, 187, 143, 68, 120, 68, 194, 50, 143, 187, 187, 120, 187, 33, 176, 106, 195, 174, 31, 120, 33, 88, 68, 187, 68, 187, 186, 1, 33, 120, 187, 187, 187, 68, 194, 194, 189, 189, 187, 68, 68, 33, 194, 120, 120, 86, 174, 190, 164, 201, 162, 127, 80, 126, 126, 164, 201, 162, 127, 80, 126, 126, 164, 201, 162, 127, 80, 190, 206, 41, 50, 187, 68, 187, 68, 96, 33, 176, 106, 195, 80, 126, 126, 164, 201, 162, 127, 80, 126, 126, 164, 201, 162, 127, 80, 190, 174, 33, 33, 54, 143, 109, 187, 120, 194, 194, 68, 143, 187, 187, 31, 194, 176, 106, 195, 190, 189, 200, 194, 194, 143, 68, 31, 120, 109, 70, 33, 189, 195, 190, 31, 187, 194, 33, 213, 187, 68, 187, 120, 33, 1, 68, 68, 187, 94, 120, 194, 33, 191, 187, 68, 120, 213, 33, 181, 120, 120, 120, 187, 31, 194, 194, 120, 187, 68, 68, 68, 194, 88, 68, 189, 190, 174, 109, 234, 194, 31, 68, 120, 68, 213, 33, 88, 68, 120, 120, 31, 68, 33, 181, 120, 86, 31, 120, 186, 176, 201, 162, 195, 190, 190, 98, 88, 33, 187, 120, 31, 120, 120, 33, 194, 187, 143, 109, 31, 94, 33, 1, 120, 98, 120, 235, 174, 164, 201, 162, 195, 190, 189, 200, 194, 181, 187, 68, 109, 31, 31, 88, 194, 54, 143, 186, 174, 190, 164, 201, 162, 195, 190, 200, 68, 33, 234, 68, 109, 235, 31, 120, 234, 194, 120, 31, 109, 213, 120, 194, 194, 97, 109, 182, 68, 97, 21, 33, 31, 68, 120, 235, 174, 164, 201, 162, 127, 80, 126, 126, 164, 201, 189, 200, 68, 31, 31, 33, 33, 120, 187, 31, 97, 31, 88, 33, 174, 195, 190, 144, 97, 194, 1, 68, 187, 213, 31, 120, 33, 194, 68, 187, 200, 31, 31, 194, 194, 120, 187, 31, 94, 191, 33, 33, 206, 189, 190, 174, 31, 33, 176, 235, 206, 200, 68, 187, 194, 27, 31, 109, 86, 31, 68, 194, 70, 120, 86, 223, 190, 126, 164, 201, 162, 127, 80, 126, 126, 164, 27, 31, 109, 94, 86, 109, 41, 50, 206, 206, 213, 109, 187, 33, 33, 68, 129, 187, 68, 186, 176, 201, 162, 195, 190, 144, 226, 33, 33, 187, 143, 109, 213, 213]"
81008,"[43, 193, 58, 63, 194, 194, 187, 19, 192, 131, 48, 194, 33, 77, 149, 120, 104, 249, 7, 110, 83, 125, 243, 193, 100, 123, 9, 209, 68, 93, 244, 104, 194, 70, 236, 196, 193, 12, 231, 128, 218, 149, 243, 149, 18, 6, 184, 9, 149, 59, 231, 243, 93, 9, 194, 61, 59, 72, 124, 231, 110, 194, 61, 59, 231, 18, 68, 194, 194, 231, 59, 13, 160, 59, 194, 194, 12, 59, 59, 12, 231, 110, 50, 229, 68, 59, 59, 149, 194, 194, 59, 59, 59, 149, 120, 20, 9, 143, 149, 59, 76, 120, 194, 194, 231, 76, 12, 12, 143, 50, 218, 59, 59, 12, 12, 59, 5, 5, 59, 192, 125, 12, 59, 194, 5, 59, 59, 125, 125, 59, 194, 123, 61, 59, 149, 59, 68, 9, 110, 59, 59, 12, 59, 231, 110, 5, 59, 59, 149, 59, 231, 218, 5, 236, 125, 125, 12, 59, 5, 5, 59, 59, 12, 59, 12, 194, 5, 59, 59, 59, 68, 77, 149]"
81009,"[60, 116, 43, 6, 214, 255, 217, 14, 204, 48, 118, 114, 115, 78, 14, 14, 78, 169, 115, 26, 117, 241, 204, 192, 26, 145, 92, 67, 218, 51, 131, 115, 145, 108, 34, 88, 175, 84, 92, 26, 248, 255, 35, 28, 200, 172, 83, 169, 186, 201, 27, 86, 235, 171, 38, 78, 14, 233, 167, 62, 132, 115, 161, 91, 250, 216, 172, 83, 193, 192, 246, 233, 131, 56, 83, 43, 125, 142, 5, 192, 43, 169, 79, 189, 113, 113, 165, 172, 26, 43, 208, 14, 241, 43, 169, 135, 62, 62, 51, 81, 34, 243, 83, 178, 229, 204, 21, 107, 172, 95, 95, 125, 123, 51, 82, 192, 26, 43, 62, 222, 113, 165, 19, 203, 74, 153, 113, 101, 165, 58, 182, 192, 43, 218, 123, 125, 93, 165, 19, 192, 250, 210, 84, 43, 43, 62, 76, 218, 233, 165, 19, 115, 6, 192, 51, 156, 165, 131, 209, 19, 165, 113, 101, 165, 19, 19, 95, 43, 16, 25, 216, 30, 62, 169, 192, 66, 218, 59, 12, 192, 125, 6, 5, 60, 180, 180, 192, 131, 192, 14, 179, 19, 57, 87, 167, 43, 218, 21, 192, 62, 82, 182, 114, 5, 113, 107, 10, 209, 167, 24, 14, 234, 165, 208, 131, 87, 77, 233, 65, 92, 169, 235, 235, 107, 184, 27, 106, 38, 83, 85, 43, 204, 21, 136, 163, 79, 248, 193, 91, 233, 167, 78, 82, 114, 115, 218, 16, 216, 182, 217, 208, 131, 113, 204, 192, 78, 67, 125, 67, 210, 5, 165, 32, 92, 131, 19, 123, 233, 192, 67, 131, 12, 192, 233, 123, 125, 193, 248, 169, 115, 123, 51, 43, 43, 43, 228, 167, 14, 5, 192, 193, 192, 193, 192, 218, 175, 172, 188, 153, 192, 85, 81, 35, 153, 12, 192, 220, 131, 218, 175, 165, 82, 170, 19, 192, 155, 22, 34, 109, 107, 77, 43, 179, 5, 57, 12, 182, 107, 209, 234, 5, 107, 192, 145, 217, 67, 218, 218, 125, 131, 157]"
91001,"[217, 78, 97, 88, 234, 213, 149, 168, 154, 97, 194, 7, 97, 143, 18, 100, 6, 9, 88, 149, 149, 243, 97, 43, 110, 110, 168, 149, 97, 62, 147, 184, 234, 74, 67, 208, 117, 132, 240, 22, 217, 78, 104, 217, 145, 234, 7, 93, 147, 147, 97, 168, 128, 8, 68, 149, 168, 231, 145, 181, 225, 12, 115, 6, 12, 143, 246, 25, 131, 95, 149, 104, 59, 110, 234, 104, 68, 120, 199, 19, 113, 60, 19, 107, 46, 12, 114, 28, 234, 19, 19, 89, 200, 182, 60, 65, 32, 182, 114, 248, 132, 240, 34, 34, 129, 30, 6, 104, 181, 50, 96, 120, 11, 149, 198, 61, 50, 95, 93, 11, 143, 96, 99, 25, 59, 120, 11, 18, 72, 22, 20, 61, 59, 229, 244, 11, 70, 22, 12, 120, 92, 93, 96, 194, 232, 61, 229, 229, 93, 209, 21, 184, 61, 193, 104, 228, 236, 179, 184, 77, 149, 61, 61, 67, 204, 70, 146, 108, 59, 93, 3, 142, 194, 199, 143, 168, 121, 18, 25, 88, 247, 168, 6, 214, 213, 35, 70, 159, 97, 214, 213, 149, 194, 110, 170, 146, 61, 104, 104, 70, 184, 11, 193, 104, 104, 143, 225, 194, 143, 61, 236, 76, 199, 70, 142, 96, 104, 120, 12, 61, 110, 110, 114, 146, 146, 13, 89, 9, 88, 143, 59, 231, 6, 214, 70, 8, 161, 146, 97, 229, 214, 20, 194, 143, 143, 18, 168, 74, 110, 40, 57, 129, 59, 59, 72, 22, 9, 244, 213, 168, 120, 104, 184, 194, 158, 61, 129, 19, 114, 70, 70, 115, 93, 104, 104, 160, 70, 20, 180, 120, 182, 213, 120, 5, 20, 129, 61, 213, 77, 158, 70, 5, 143, 213, 149, 249, 214, 70, 50, 61, 104, 104, 74, 97, 22, 184, 61, 61, 143, 12, 213, 194, 194, 182, 32, 104, 120, 172, 22, 194, 59, 231, 93, 236, 147, 123, 50, 59, 59, 193, 146, 59, 70, 50, 96, 143, 6, 160, 213, 88, 194, 231, 168, 18, 6, 61, 184, 241, 187, 61, 169, 58, 68, 20, 70, 134, 59, 97, 93, 108, 40, 5, 12, 68, 32, 209, 104, 33, 181, 213, 143, 12, 12, 120, 70, 50, 59, 125, 59, 104, 59, 194, 194, 180, 104, 59, 96, 120, 194, 50, 134, 129, 19, 96, 96, 155, 8, 61, 59, 129, 242, 143, 5, 123, 244, 104, 57, 143, 59, 9, 113, 13, 68, 96, 13, 12, 7, 50, 231, 180, 95, 143, 32, 155, 9, 12, 180, 146, 249, 120, 123, 20, 13, 13, 59, 11, 143, 155, 8, 94, 58, 104, 177, 59, 5, 181, 13, 146, 84, 120, 146, 20, 194, 134, 146, 211, 12, 146, 225, 225, 59, 143, 54, 104, 57, 20, 20, 146, 12, 96, 68, 198, 9, 70, 143, 76, 95, 129, 252, 194, 20, 12]"
91002,"[43, 208, 145, 8, 210, 43, 43, 228, 192, 43, 81, 218, 224, 6, 115, 102, 85, 218, 66, 83, 43, 125, 188, 6, 155, 51, 84, 243, 125, 169, 199, 225, 181, 202, 182, 57, 200, 192, 66, 16, 85, 196, 247, 247, 188, 66, 218, 220, 102, 163, 83, 229, 246, 246, 102, 227, 213]"
91003,"[51, 110, 18, 149, 143, 79, 109, 194, 194, 231, 117, 187, 61, 244, 70, 175, 231, 18, 224, 149, 187, 110, 110, 100, 18, 243, 243, 231, 110, 110, 59, 192, 18, 59, 104, 184, 99, 187, 61, 100, 193, 231, 110, 194, 231, 149, 231, 193, 104, 128, 50, 244, 122, 120, 249, 114, 241, 241, 61, 213, 104, 168, 149, 14, 35, 187, 191, 168, 149, 61, 35, 25, 149, 168, 187, 104, 104, 70, 50, 59, 97, 59, 147, 187, 184, 70, 141, 117, 163, 74, 243, 194, 123, 125, 104, 104, 61, 58, 70, 22, 231, 61, 15, 147, 117, 33, 52, 213, 147, 125, 18, 149, 5, 9, 243, 76, 125, 125, 149, 5, 194, 76, 129, 191, 118, 249, 33, 241, 104, 104, 94, 18, 168, 25, 70, 168, 104, 168, 149, 100, 88, 128, 224, 100, 154, 168, 117, 232, 194, 231, 154, 243, 97, 192, 88, 110, 147, 168, 168, 170, 145, 241, 88, 183, 183, 78, 168, 243, 110, 14, 102, 102, 74, 62, 42, 88, 25, 135, 62, 78, 145, 102, 7, 110, 62, 76, 149, 15, 78, 33, 70, 18, 76, 154, 76, 229, 35, 35, 119, 97, 208, 76, 243, 22, 181, 45, 208, 78, 131, 94, 181, 241, 24, 183, 183, 56, 132, 241, 181, 30, 183, 78, 216, 102, 156, 241, 78, 183, 170, 171, 171, 101, 241, 145, 24, 183, 145, 191, 25, 233, 102, 216, 154, 183, 64, 25, 52, 94, 208, 183, 132, 172, 25, 233, 117, 147, 78, 145, 163, 14, 222, 139, 78, 247, 163, 132, 51, 14, 183, 102, 183, 102, 45, 14, 14, 38, 188, 75, 183, 183, 25, 25, 216, 102, 119, 183, 102, 35, 25, 247, 102, 64, 183, 94, 35, 35, 183, 102, 64, 102, 208, 25, 113, 137, 102, 102, 183, 168, 88, 25, 191, 94, 147, 147, 183, 88, 181, 100, 147, 147, 168, 168, 240, 14, 152, 61, 145, 62, 76, 66, 233, 89, 137, 247, 247, 153, 21, 240, 153, 165, 165, 170, 206, 1, 16, 247, 139, 226, 217, 78, 250, 110, 97, 100, 183, 247, 168, 232, 194, 62, 117, 147, 49, 95, 250, 110, 59, 208, 243, 76, 125, 16, 5, 231, 125, 76, 149, 76, 218, 25, 100, 243, 183, 59, 231, 16, 70, 76, 76, 224, 76, 183, 14, 142, 225, 180, 104, 134, 224, 218, 194, 178, 12, 167, 188, 216, 113, 5, 165, 74, 216, 12, 12, 16, 25, 76, 76, 131, 59, 104, 110, 218, 76, 208, 122, 213, 216, 5, 113, 59, 12, 59, 59, 59, 33, 113, 216, 165, 13, 217, 220, 16, 175, 58, 86, 200, 76, 45, 14, 113, 191, 100, 62, 76, 183, 5, 184, 104, 100, 208, 45, 132, 70, 33, 120, 76, 15, 183, 104, 175, 241, 168, 76, 12, 120, 105, 8, 123, 62, 187, 59, 18, 120, 5, 5, 120, 125, 76, 76, 149, 194, 8, 168, 168, 168, 226, 192, 22, 181, 97, 153, 94, 18, 62, 5, 7, 149, 120, 100, 62, 228, 241, 241, 170, 117, 183, 183, 183, 51, 25, 153, 183, 183, 135, 183, 166, 181, 115, 45, 168, 6, 0, 25, 101, 137, 208, 247, 208, 139, 60, 241, 148, 78, 132, 135, 78, 166, 5, 192, 45, 102, 45, 183, 156, 113, 78, 216, 192, 62, 247, 16, 166, 12, 226, 102, 75, 226, 37, 88, 226, 75, 230, 167, 247, 88, 88, 75, 226, 226, 75, 226, 28, 27, 174, 172, 247, 247, 154, 25, 116, 6, 220, 24, 136, 169, 176, 27, 162, 195, 137, 247, 102, 113, 222, 235, 208, 208, 153, 30, 222, 36, 132, 203, 167, 228, 114, 123, 210, 119, 228, 217, 208, 132, 113, 184, 114, 208, 153, 42, 24, 113, 25, 191, 247, 208, 208, 227, 70, 241, 24, 183, 183, 139, 114, 113, 7, 220, 62, 45, 132, 183, 132]"
91004,"[125, 125, 132, 65, 234, 192, 62, 69, 157, 96, 234, 5, 77, 43, 248, 208, 158, 234, 5, 115, 208, 43, 131, 96, 101, 184, 209, 165, 12, 167, 130, 184, 184, 10, 12, 146, 226, 57, 5, 60, 30, 122, 235, 74, 132, 184, 113, 198, 58, 191, 208, 145, 35, 20, 192, 130, 146, 217, 67, 156, 60, 0, 130, 30, 255, 85, 156, 60, 215, 217, 255, 227]"
91005,"[209, 234, 234, 57, 12, 115, 93, 48, 241, 194, 12, 94, 93, 120, 32, 123, 179, 209, 12, 231, 131, 120, 33, 5, 209, 109, 209, 12, 231, 193]"
91006,"[205, 205, 253, 13, 84, 168, 152, 4, 88, 67, 220, 140, 140, 121, 128, 66, 30, 133, 252, 183, 24, 166, 4, 59, 224, 24, 24, 83, 204, 20, 192, 105, 84, 55, 255, 221, 151, 159, 125, 255, 24, 132, 4, 70, 236, 216, 236, 72, 84, 14, 4, 252, 220, 45, 55, 24, 166, 4, 95, 220, 121, 227, 198, 14, 4, 95, 224, 45, 24, 24, 151, 4, 11, 76, 152, 78, 152, 151, 225, 212, 173, 29, 76, 220, 166, 22, 134, 84, 173, 29, 253, 155, 66, 125, 220, 197, 255, 75, 66, 4, 212, 220, 255, 207, 140, 14, 4, 3, 220, 197, 45, 152, 14, 4, 213, 216, 197, 75, 72, 175, 240, 255, 83, 132, 77, 45, 128, 128, 178, 45, 207, 43, 45, 166, 113, 2, 13, 43, 197, 24, 4, 90, 95, 220, 75, 24, 197, 166, 4, 253, 45, 197, 75, 255, 66, 50, 213, 34, 134, 134, 34, 8, 8, 134, 61, 134, 34, 34, 8, 8, 34, 76, 154, 121, 45, 166, 181, 212, 13, 220, 197, 173, 166, 175, 76, 173, 197, 247, 132, 166, 20, 13, 152, 132, 75, 121, 166, 22, 95, 216, 197, 173, 121, 221, 128, 255, 173, 212, 75, 214, 16, 25, 45, 45, 255, 67, 220, 166, 20, 95, 173, 75, 112, 253, 250, 4, 253, 121, 197, 216, 255, 66, 185, 95, 220, 197, 121, 78, 166, 20, 192, 224, 197, 121, 132, 151, 20, 13, 216, 197, 132, 26, 14, 185, 67, 216, 55, 75, 45, 25, 4, 192, 216, 197, 168, 247, 166, 17, 49, 45, 140, 132, 78, 25, 4, 13, 45, 140, 173, 45, 25, 20, 95, 76, 197, 75, 132, 151, 181, 13, 45, 173, 197, 207, 35, 81, 145, 154, 216, 145, 26, 81, 35, 228, 45, 77, 6, 220, 7, 175, 217, 78, 121, 121, 24, 14, 4, 95, 121, 152, 255, 117, 25, 20, 236, 121, 197, 247, 78, 166, 155, 236, 173, 197, 132, 132, 151, 205, 212, 173, 29, 24, 132, 225, 155, 134, 224, 84, 183, 207, 166, 4, 134, 224, 197, 121, 216, 166, 4, 253, 216, 252, 84, 220, 14, 221, 0, 85, 75, 84, 224, 66, 151, 13, 212, 72, 224, 197, 166, 66, 34, 29, 78, 152, 173, 175, 4, 92, 220, 197, 168, 216, 166, 90, 2, 134, 191, 54, 42, 151, 225, 211, 242, 45, 132, 24, 225, 155, 57, 216, 114, 71, 171, 90, 233, 192, 84, 253, 132, 30, 246, 25, 84, 134, 170, 135, 135, 14, 151, 212, 220, 180, 224, 197, 166, 90, 13, 76, 75, 114, 177, 175, 90, 57, 224, 75, 114, 124, 166, 175, 13, 220, 140, 114, 230, 151, 225, 220, 121, 75, 115, 124, 166, 90, 13, 173, 158, 114, 114, 181, 185, 13, 216, 177, 114, 177, 155, 123, 32, 212, 55, 75, 44, 60, 90, 13, 216, 226, 199, 177, 185, 185, 13, 216, 75, 132, 114, 166, 90, 212, 180, 146, 226, 177, 166, 90, 245, 224, 114, 114, 177, 60, 185, 180, 224, 255, 75, 216, 5, 8, 134, 34, 134, 34, 134, 34, 8, 104, 134, 134, 34, 61, 8, 34, 34, 34, 165, 170, 177, 155, 166, 249, 216, 245, 45, 75, 166, 225, 19, 165, 253, 104, 220, 166, 66, 19, 242, 75, 160, 114, 7, 233, 108, 224, 54, 42, 121, 101, 241, 13, 224, 245, 54, 114, 181, 212, 108, 57, 226, 177, 76, 25, 4, 180, 224, 75, 170, 105, 210, 4, 13, 12, 19, 255, 24, 225, 155, 180, 224, 75, 177, 44, 241, 17, 13, 180, 220, 75, 94, 166, 175, 13, 76, 75, 115, 132, 24]"
91007,"[51, 204, 30, 139, 74, 208, 45, 14, 246, 183, 183, 64, 153, 206, 99, 16, 247, 122, 135, 117, 208, 14, 51, 76, 45, 247, 229, 208, 128, 17, 216, 183, 207, 173, 224, 221, 16, 76, 197, 24, 24, 135, 16, 185, 197, 55, 24, 121, 55, 16, 17, 119, 247, 102, 158, 245, 17, 166, 252, 132, 78, 197, 140, 166, 14, 121, 152, 132, 152, 26, 185, 128, 121, 42, 26, 121, 130, 7, 185, 24, 85, 62, 121, 76, 166, 166, 45, 152, 247, 78, 153, 7, 233, 76, 29, 18, 216, 76, 14, 166, 29, 152, 216, 75, 42, 250, 16, 173, 55, 76, 197, 18, 22, 123, 216, 124, 124, 173, 255, 222, 166, 133, 214, 92, 197, 121, 17, 250, 62, 208, 83, 132, 29, 16, 16, 75, 45, 173, 29, 76, 166, 166, 45, 62, 208, 197, 245, 16, 17, 208, 76, 55, 183, 75, 17, 22, 180, 29, 197, 76, 220, 133, 17, 24, 172, 76, 29, 125, 91, 51, 153, 85, 168, 197, 163, 128, 17, 153, 197, 159, 121, 45, 16, 250, 121, 121, 121, 105, 34, 221, 14, 216, 152, 18, 121, 62, 16, 16, 121, 242, 216, 173, 197, 22, 234, 76, 173, 29, 229, 76, 185, 185, 159, 173, 29, 197, 173, 17, 17, 153, 42, 62, 228, 249, 81, 25, 24, 115, 62, 173, 29, 250, 153, 171, 42, 62, 62, 62, 250, 246, 208, 243, 121, 122, 242, 166, 166, 208, 62, 173, 197, 207, 16, 166, 114, 197, 197, 24, 249, 210, 16, 133, 13, 42, 216, 216, 225, 66, 165, 76, 45, 62, 216, 250, 16, 76, 112, 76, 212, 208, 246, 233, 208, 173, 197, 76, 153, 5, 175, 192, 125, 125, 224, 76, 175, 210, 43, 216, 165, 165, 180, 5, 16, 208, 76, 216, 12, 165, 8, 17, 12, 165, 165, 216, 180, 66, 16, 220, 84, 224, 84, 76, 8, 17, 76, 216, 165, 76, 112, 5, 16, 76, 216, 208, 76, 216, 16, 175, 173, 220, 242, 77, 216, 116, 204, 12, 12, 76, 220, 76, 233, 5, 216, 220, 76, 76, 216, 175, 175, 216, 173, 29, 216, 76, 16, 221, 76, 216, 29, 220, 125, 5, 123, 216, 12, 165, 76, 76, 16, 175, 29, 76, 216, 45, 45, 233, 16, 45, 165, 137, 76, 220, 175, 66, 208, 173, 212, 153, 245, 17, 175, 212, 45, 76, 220, 76, 17, 221, 173, 29, 197, 212, 119, 250, 175, 55, 197, 76, 153, 42, 16, 246, 208, 24, 42, 188, 153, 5, 5, 137, 49, 121, 55, 78, 250, 16, 173, 212, 132, 137, 208, 222, 16, 55, 242, 19, 74, 76, 142, 41, 153, 217, 153, 208, 64, 14, 36, 85, 255, 168, 152, 208, 218, 51, 208, 62, 208, 173, 29, 240, 204, 74, 173, 45, 15, 183, 166, 246, 62, 76, 45, 153, 208, 16, 16, 173, 197, 18, 247, 62, 250, 221, 153, 208, 78, 173, 29, 250, 250, 228, 19, 45, 121, 42, 222, 113, 208, 247, 211, 216, 87, 234, 37, 121, 228, 115, 121, 55, 51, 250, 15, 133, 245, 76, 74, 16, 16, 193, 173, 55, 133, 252, 25, 16, 207, 76, 158, 92, 147, 51, 222, 0, 150, 172, 76, 121, 16, 16, 76, 62, 121, 197, 18, 175, 17, 216]"
91008,"[43, 216, 217, 66, 66, 131, 192, 62, 125, 125, 179, 103, 247, 15, 76, 208, 15, 246, 246, 247, 188, 188, 85, 188, 156, 91, 228, 165, 161, 57, 12, 5, 234, 12, 203, 235, 111, 144, 39, 27, 98, 195, 190, 111, 144, 27, 27, 162, 189, 171, 87, 174, 27, 60, 10, 217, 45, 132, 135, 14, 14, 171, 188, 78, 26, 208, 14, 14, 192, 208, 188, 163, 247, 246, 233, 135, 38, 69, 42, 131, 234, 123, 220, 208, 247, 78, 139, 36, 246, 139, 148, 188, 78, 247, 246, 246, 139, 203, 38, 247, 247, 221, 51, 188, 247, 247, 64, 26, 51, 246, 247, 247, 64, 139, 100, 51, 233, 217, 62, 169, 74, 247, 51, 221, 83, 247, 62, 208, 64, 14, 16, 132, 199, 30, 247, 188, 246, 221, 170, 188, 208, 208, 228, 5, 233, 49, 82, 73, 42, 49, 16, 246, 247, 150, 30, 208, 247, 51, 156, 171, 85, 83, 43, 247, 14, 14, 188, 150, 217, 247, 208, 233, 16, 208, 76, 169, 42, 85, 233, 222, 42, 247, 64, 132, 137, 222, 36, 247, 247, 188, 247, 188, 51, 250, 64, 64, 145, 235, 170, 51, 25, 56, 132, 73, 56, 117, 14, 246, 247, 69, 38, 64, 119, 221, 81, 198, 247, 188, 153, 235, 36, 222, 167, 15, 247, 64, 163, 179, 113, 24, 196, 119, 247, 64, 51, 246, 247, 64, 163, 247, 64, 246, 246, 152, 83, 119, 247, 83, 66, 16, 208, 229, 64, 247, 64, 246, 246, 247, 64, 247, 247, 45, 250, 142, 95, 62, 247, 247, 247, 246, 221, 64, 247, 247, 247, 247, 51, 16, 45, 229, 119, 220, 15, 222, 103, 247, 45, 15, 247, 247, 246, 246, 247, 62, 247, 188, 247, 142, 5, 247, 208, 228, 57, 15, 246, 246, 247, 196, 220, 119, 125, 246, 175, 188, 247, 196, 247, 78, 246, 246, 216, 15, 208, 119, 247, 246, 246, 220, 15, 247, 64, 247, 246, 246, 64, 64, 119, 247, 220, 51, 51, 188, 220, 15, 247, 247, 246, 246, 247, 247, 247, 208, 62, 246, 246, 247, 188, 220, 62, 15, 250, 210, 220, 15, 15, 220, 125, 250, 233, 64, 247, 247, 139, 165, 246, 246, 247, 196, 247, 247, 220, 250, 246, 216, 188, 188, 247, 188, 175, 66, 220, 192, 125, 208, 220, 250, 155, 131, 172, 238, 172, 247, 246, 16, 247, 247, 247, 45, 119, 246, 246, 247, 83, 15, 139, 135, 123, 246, 247, 45, 64, 49, 119, 246, 246, 153, 208, 85, 220, 62, 16, 142, 87, 247, 188, 45, 97, 246, 16, 247, 154, 208, 220, 228, 175, 222, 84, 49, 119, 15, 247, 16, 246, 208, 247, 229, 247, 76, 16, 14, 208, 64, 163, 247, 247, 246, 51, 247, 208, 188, 125, 208, 66, 51, 188, 62, 208, 247, 64, 81, 221, 229, 247, 188, 125, 76, 246, 66, 188, 49, 15, 15, 247, 51, 51, 188, 247, 247, 64, 119, 233, 246, 208, 78, 208, 64, 15, 218, 233, 188, 153, 192, 62, 76, 233, 81, 247, 208, 15, 125, 208, 246, 16, 125, 45, 15, 45, 188, 16, 246, 247, 64, 64, 247, 83, 246, 246, 247, 247, 125, 208, 64, 246, 246, 229, 247, 247, 62, 216, 246, 16, 24, 64, 64, 64, 247, 246, 246, 183, 183, 64, 247, 139]"
91009,"[246, 250, 76, 149, 224, 62, 243, 110, 110, 62, 243, 243, 149, 231, 246, 246, 15, 62, 243, 18, 18, 16, 250, 62, 243, 243, 18, 18, 5, 99, 208, 78, 78, 62, 18, 246, 142, 192, 18, 18, 149, 149, 250, 110, 18, 76, 243, 149, 243, 110, 194, 76, 62, 243, 208, 243, 110, 16, 18, 188, 117, 76, 149, 110, 142, 167, 78, 208, 243, 208, 246, 14, 208, 18, 76, 149, 15, 51, 250, 216, 32, 108, 59, 243, 122]"
91010,"[156, 240, 24, 43, 43, 43, 131, 123, 128, 3, 132, 207, 45, 69, 176, 21, 217, 83, 83, 97, 83, 14, 81, 85, 85, 161]"
91011,"[228, 192, 208, 218, 204, 19, 182, 182, 19, 107, 21, 181, 44, 19, 19, 19, 107, 234, 113, 12, 107, 77, 131, 19, 91, 22, 105, 6, 152, 19, 87, 234, 113, 162, 195, 80, 190, 189, 65, 40, 19, 230, 79, 118, 190, 176, 27, 19, 10, 89, 79, 182, 5, 5, 12, 12, 13, 214, 226, 40, 225, 44, 32, 165, 226, 13, 88, 5, 180, 32, 12, 12, 58, 181, 5, 12, 12, 19, 182, 12, 225, 225, 46, 180, 19, 177, 108, 40, 16, 202, 177, 108, 249, 230, 65, 225, 105, 180, 180, 19, 23, 234, 175, 12, 135, 13, 226, 32, 40, 34, 34, 161, 105, 34, 3, 60, 5, 180, 108, 34, 34, 170, 234, 210, 165, 19, 108, 19, 108, 8, 225, 108, 6, 105, 19, 202, 176, 201, 162, 195, 174, 118, 190, 164, 201, 162, 127, 80, 126, 126, 164, 201, 162, 189, 32, 165, 199, 40, 41, 202, 108, 146, 108, 19, 20, 40, 105, 208, 202, 108, 19, 101, 27, 138, 127, 80, 126, 126, 164, 201, 162, 195, 195, 107, 19, 113, 113, 12, 107, 87, 200, 12, 1, 101, 162, 195, 80, 190, 126, 164, 201, 162, 127, 80, 190, 199, 40, 41, 230, 189, 174, 190]"
91012,"[43, 153, 148, 51, 218, 224, 43, 85, 6, 192, 222, 27, 192, 131, 165, 208, 76, 210, 81, 154, 86, 167, 169, 167, 51, 35, 145, 167, 188, 15, 247, 221, 81, 229, 188, 247, 64, 102, 51, 179, 248, 63, 217, 82, 118, 113, 184, 148, 161, 167, 247, 188, 204, 65, 96, 148, 139, 38, 15, 246, 222, 136, 154, 45, 243, 64, 156, 176, 174, 107, 30, 247, 83, 156, 91, 85, 169, 167, 83, 139, 176, 27, 162, 195, 223, 38, 229, 221, 88, 209, 209, 118, 248, 161, 65, 184, 107, 38, 83, 83, 169, 176, 27, 162, 189, 10, 57, 217, 204, 181, 56, 247, 139, 38, 169, 176, 65, 209, 209, 96, 107, 217, 179, 176, 98, 189, 38, 229, 15, 51, 14, 229, 188, 188, 83, 161, 65, 184, 148, 188, 64, 247, 147, 51, 14, 229, 247, 139, 186, 190, 164, 27, 199, 209, 96, 174, 174, 176, 91, 161, 182, 57, 196, 82, 91, 246, 247, 169, 167, 83, 229, 246, 221, 247, 188, 69, 137, 119, 25, 81, 63, 217, 247, 85, 196, 179, 176, 98, 38, 85, 161, 235, 91, 179, 235, 148, 161, 167, 83, 51, 81, 83, 45, 229, 102, 64, 88, 240, 188, 188, 247, 247, 64, 81, 51, 85, 229, 247, 154, 154, 184, 91, 161, 38, 85, 161, 235, 91, 179, 199, 92, 161, 248, 161, 21, 91, 178, 94, 170, 167, 102, 51, 222, 137, 247, 154, 217, 82, 88, 28, 106, 38, 188, 139, 186, 241, 181, 150, 38, 139, 186, 38, 156, 91, 83, 15, 119, 163, 102, 35, 14, 229, 247, 247, 132, 11, 246, 156, 94, 169, 203, 174, 126, 164, 201, 98, 86, 171, 79, 186, 91, 156, 107, 118, 235, 167, 161, 21, 65, 89, 235, 144, 144, 170, 184, 1, 192, 188, 220, 229, 220, 21, 27, 98, 195, 80, 126, 126, 164, 201, 162, 195, 38, 161, 167, 51, 156, 174, 174, 167, 63, 92, 81, 51, 82, 186]"
91013,"[106, 27, 205, 30, 249, 209, 249, 19, 21, 113, 171, 86, 190, 186, 109, 65, 20, 237, 133, 252, 19, 19, 181, 214, 87, 165, 165, 107, 182, 5, 113, 12, 19, 2, 12, 87, 9, 39, 249, 209, 12, 249, 209, 70, 28, 98, 189, 174, 144, 170, 234, 5, 98, 235, 223, 190, 126, 164, 201, 162, 127, 80, 126, 126, 164, 201, 162, 127, 80, 126, 126, 164, 201, 162, 127, 80, 254, 254, 164, 201, 162, 127, 80, 126, 126, 164, 201, 162, 127, 80, 126, 126, 164, 201, 162, 195, 174, 144, 226, 21, 27, 162, 127, 80, 126, 126, 164, 201, 162, 195, 189, 107, 12, 1, 113, 106, 171, 200, 107, 182, 113, 113, 165, 32, 57, 114, 107, 1, 5, 12, 107, 87, 182, 203, 241, 21, 87, 86, 203, 200, 249, 1, 1, 107, 170, 177, 165, 203, 60, 27, 162, 127, 80, 190, 190, 91, 179, 174, 189, 223, 190, 126, 164, 27, 135, 226, 165, 214, 226, 28, 181, 230, 189, 190, 174, 107, 181, 181, 154, 48, 226, 79, 174, 39, 201, 162, 127, 80, 195, 200, 113, 60, 106, 235, 107, 94, 199, 88, 5, 106, 189, 223, 190, 126, 164, 201, 162, 189, 86, 226, 12, 113, 7, 131, 235, 174, 189, 182, 113, 181, 226, 48, 170, 79, 174, 39, 201, 162, 127, 80, 235, 107, 181, 181, 230, 189, 223, 190, 190, 39, 103, 161, 182, 12, 114, 226, 28, 181, 170, 19, 12, 114, 182, 234, 113, 107, 86, 200, 19, 200, 234, 60, 167, 169, 86, 107, 86, 21, 113, 19, 19, 19, 19, 19, 1, 234, 165, 19, 19, 182, 182, 113, 1, 249, 86, 226, 182, 79, 28, 234, 182, 200, 107, 200, 200, 234, 234, 107, 170, 12, 19, 19, 21, 181, 12, 19, 12, 19, 19, 234, 113, 48, 191, 154, 43, 82]"
91014,"[43, 218, 210, 77, 45, 152, 152, 43, 233, 233, 253, 78, 62, 83, 238, 123, 221, 229, 229, 45, 131, 236, 233, 123, 178, 192, 153, 152, 45, 51, 175, 95, 216, 87, 217, 208, 51, 66, 207, 188, 24, 216, 192, 221, 16, 125, 15, 152, 13, 152, 233, 113, 216, 220, 45, 114, 192, 233, 233, 158, 217, 45, 87, 141, 233, 5, 12, 248, 153, 141, 45, 16, 233, 45, 153, 152, 45, 188, 16, 16, 192, 216, 87, 192, 76, 218, 233, 192, 125, 216, 208, 220, 246, 233, 49, 224, 125, 45, 45, 233, 123, 216, 57, 152, 84, 125, 175, 66, 45, 220, 15, 247, 76, 16, 66, 95, 130, 192, 216, 192, 233, 66, 49, 178, 192, 43, 208, 233, 7, 45, 152, 45, 141, 249, 123, 233, 6, 134, 49, 178, 12, 66, 14, 45, 216, 217, 84, 45, 51, 210, 78, 220, 45, 216, 109, 99, 246, 208, 208, 132, 100, 153, 5, 5, 153, 192, 247, 216, 153, 123, 221, 188, 45, 153, 100, 119, 35, 51, 84, 243, 24, 243, 220, 14, 123, 49, 49, 119, 163, 94, 113, 51, 49, 24, 97, 78, 243, 110, 246, 243, 94, 69, 42, 243, 99, 233, 165, 15, 229, 78, 208, 81, 14, 243, 93, 120, 74, 125, 218, 110, 149, 153, 192, 243, 93, 123, 250, 149, 243, 30, 229, 76, 110, 110, 15, 168, 243, 15, 163, 5, 99, 229, 62, 15, 136, 49, 142, 194, 125, 49, 152, 49, 45, 204, 155, 216, 3, 216, 253, 45, 16, 4, 13, 45, 45, 49, 45, 14, 66, 6, 13, 0, 247, 243, 123, 218, 243, 229, 122, 95, 243, 218, 218, 178, 192, 152, 45, 216, 103, 246, 220, 216, 13, 32, 192, 14, 33, 100, 243, 243, 97, 107, 113, 27, 162, 189, 86, 190, 126, 164, 201, 162, 127, 80, 190, 223]"
91015,"[150, 113, 113, 85, 208, 131, 165, 12, 240, 218, 224, 224, 45, 208, 43, 218, 175, 125, 192, 208, 125, 178, 218, 16, 45, 220, 153, 87, 182, 5, 65, 12, 0, 207, 152, 188, 233, 16, 208, 85, 130, 12, 165, 218, 233, 180, 95, 45, 178, 130, 123, 66, 125, 228, 153, 87, 132, 116, 221, 247, 69, 114, 78, 26, 218, 175, 200, 45, 24, 249, 0, 14, 116, 153, 87, 46, 19, 217, 221, 221, 24, 161, 0, 85, 193, 123, 233, 77, 178, 0, 6, 165, 91, 35, 131, 217, 228, 87, 107, 116, 51, 150, 148, 26, 228, 208, 250, 142, 57, 172, 24, 152, 152, 233, 16, 130, 92, 207, 49, 24, 91, 250, 208, 228, 192, 76, 153, 113, 221, 152, 208, 152, 131, 45, 218, 218, 45, 43, 45, 24, 45, 16, 250, 220, 45, 247, 85, 43, 218, 233, 89, 87, 152, 152, 23, 16, 233, 87, 45, 247, 207, 63, 113, 233, 207, 45, 220, 208, 132, 123, 175, 167, 45, 158, 192, 43, 155, 218, 43, 207, 45, 153, 199, 123, 250, 220, 82, 44, 249, 74, 218, 250, 216, 192, 82, 12, 165, 7, 16, 76, 178, 107, 107, 248, 142, 116, 207, 208, 228, 248, 45, 218, 175, 43, 178, 12, 44, 87]"
91016,"[207, 95, 236, 43, 218, 60, 77, 158, 92, 255, 6, 65, 234, 248, 132, 0, 43, 158, 70, 218, 78, 26, 85, 62, 216, 5, 240, 45, 24, 196, 26, 208, 233, 241, 172, 62, 121, 43, 64, 14, 218, 15, 49, 83, 163, 85, 81, 14, 130, 92, 220, 183, 228, 241, 225, 59, 102, 213, 150, 58, 116, 151, 191, 75, 145, 58, 63, 11, 166, 248, 132, 174, 174, 190, 164, 201, 162, 127, 80, 126, 126, 164, 201, 162, 127, 80, 126, 126, 164, 201, 162, 127, 80, 126, 126, 164, 201, 162, 127, 80, 126, 126, 164, 201, 162, 127, 80, 126, 126, 164, 201, 162, 127, 80, 126, 126, 164, 201, 162, 127, 80, 126, 126, 164, 201, 162, 127, 80, 126, 126, 164, 201, 162, 127, 80, 126, 126, 164, 201, 162, 127, 80, 126, 126, 164, 201, 162, 127, 80, 126, 126, 164, 201, 162, 127, 80, 126, 126, 164, 201, 162, 127, 80, 126, 126, 164, 201, 162, 127, 80, 126, 126, 164, 201, 162, 127, 80, 126, 126, 164, 201, 162, 195, 174, 167, 83, 88, 4, 236, 47, 97, 83, 188, 81, 88, 154, 145, 147, 145, 83, 35, 184, 89]"
91017,"[6, 57, 78, 145, 51, 16, 220, 229, 183, 163, 117, 16, 175, 45, 78, 45, 220, 75, 66, 123, 224, 220, 119, 183, 220, 246, 151, 191, 11, 47, 64, 163, 123, 5, 172, 132, 49, 15, 168, 16, 66, 125, 243, 119, 49, 183, 14, 16, 18, 125, 64, 183, 154, 218, 175, 15, 64, 145, 154, 15, 110, 110, 18, 15, 208, 119, 102, 246, 14, 30, 45, 64, 102, 84, 25, 246, 24, 115, 188, 152, 183, 14, 81, 117, 64, 102, 119, 183, 14, 16, 117, 15, 119, 78, 183, 250, 51, 153, 74, 208, 62, 62, 250, 218, 49, 78, 208, 183, 135, 113, 16, 62, 247, 196, 154, 183, 14, 51, 43, 76, 125, 49, 154, 16, 222, 172, 154, 45, 147, 76, 110, 16, 125, 83, 117, 45, 75, 51, 233, 191, 220, 78, 163, 78, 16, 222, 192, 62, 132, 94, 145, 35, 51, 45, 154, 78, 188, 76, 16, 16, 149, 76, 171, 217, 76, 16, 5, 100, 229, 24, 192, 49, 233, 241, 209, 94, 145, 183, 154, 175, 218, 45, 24, 163, 78, 220, 14, 221, 188, 220, 220, 154, 78, 221, 222, 212, 145, 183, 102, 208, 128, 16, 183, 168, 183, 78, 132]"
91018,"[217, 78, 132, 70, 25, 31, 209, 213, 163, 102, 14, 151, 191, 145, 213, 145, 154, 123, 241, 107, 172, 83, 117, 132, 35, 88, 75, 104, 214, 213, 168, 113, 241, 170, 213, 163, 168, 149, 35, 234, 59, 30, 224, 214, 213, 241, 25, 214, 147, 211, 97, 119, 35, 20, 226, 147, 147, 168, 76, 110, 221, 158, 165, 97, 150, 104, 35, 22, 146, 97, 226, 255, 92, 166, 151, 57, 97, 154, 147, 67, 14, 88, 114, 214, 213, 97, 213, 128, 204, 11, 207, 131, 75, 213, 35, 40, 59, 75, 213, 26, 168, 91, 151, 226, 117, 202, 213, 145, 35, 151, 213, 207, 177, 217, 255, 128, 142, 213, 227, 170, 213, 167, 128, 166, 26, 158, 213, 214, 214, 35, 22, 192, 158, 192, 6, 224, 14, 142, 23, 0, 67, 131, 115, 88, 22, 217, 102, 207, 154, 97, 210, 151, 226, 214, 213, 62, 193, 88, 16, 152, 85, 85, 207, 255, 128, 22, 214, 213, 63, 213, 207, 88, 233, 146, 120, 108, 84, 146, 20, 90, 92, 149, 72, 84, 207, 65, 225, 253, 214, 226, 12, 199, 240, 233, 170, 213, 146, 23, 226, 221, 218, 131, 146, 74, 150]"
91019,"[248, 168, 66, 8, 76, 72, 224, 243, 78, 40, 40, 105, 105, 224, 67, 224, 218, 128, 121, 45, 173, 140, 224, 218, 250, 173, 121, 62, 18, 18, 110, 250, 229, 147, 67, 61, 161, 70, 25, 208, 168, 168, 183, 154, 110, 110, 168, 197, 168, 18, 18, 14, 81, 149, 18, 196, 117, 255, 81, 25, 18, 168, 117, 55, 55, 166, 142, 231, 75, 18, 18, 149, 128, 185, 76, 196, 75, 55, 117, 110, 128, 18, 18, 173, 197, 18, 110, 25, 243, 18, 121, 149, 168, 128, 185, 149, 119, 18, 173, 185, 88, 40, 72, 149, 149, 149, 18, 50, 110, 243, 18, 149, 149, 18, 25, 110, 18, 18, 168, 149, 18, 110, 110, 76, 97, 18, 117, 149, 250, 25, 149, 168, 168, 55, 18, 25, 110, 147, 149, 149, 18, 76, 35, 16, 18, 183, 149, 76, 196, 185, 35, 18, 168, 149, 149, 147, 110, 110, 149, 18, 18, 18, 149, 110, 14, 18, 18, 18, 18, 62, 110, 246, 117, 168, 45, 18, 18, 25, 14, 149, 168, 18, 117, 132]"
92001,"[141, 81, 81, 61, 196, 61, 122, 236, 51, 81, 49, 47, 59, 76, 43, 179, 20, 213, 160, 13, 95, 93, 5, 123, 251, 213, 95, 83, 59, 8, 166, 72, 224, 131, 96, 171, 184, 123, 236, 30, 196, 243, 149, 175, 81, 72, 29, 228, 160, 236, 9, 50, 243, 130, 236, 196, 231, 16, 81, 61, 158, 160, 61, 100, 50, 9, 236, 236, 196, 236, 59, 16, 81, 173, 197, 196, 49, 229, 179, 9, 231, 158, 160, 97, 193, 65, 123, 196, 62, 26, 125, 193, 123, 81, 196, 229, 208, 43, 208, 20, 123, 55, 76, 208, 208, 49, 155, 110, 125, 243, 208, 61, 153, 240, 9, 76, 229, 62, 145, 30, 232, 9, 125, 59, 192, 76, 133, 155, 175, 132, 217, 158, 141, 95, 9, 81, 61, 61, 236, 62, 188, 204, 123, 95, 243, 243, 47, 47, 20, 9, 119, 161, 59, 109, 95, 25, 20, 30, 76, 196, 95, 236, 70, 35, 196, 125, 122, 244, 13, 240, 179, 61, 61, 57, 100, 125, 110, 81, 224, 149, 132, 11, 59, 110, 5, 236, 61, 243, 125, 76, 99, 179, 76, 193, 198, 13, 59, 33, 241, 100, 243, 243, 76, 133, 90, 241, 143, 243, 117, 117, 122, 21, 181, 229, 125, 229, 244, 104, 5, 113, 149, 193, 13, 100, 68, 194, 33, 236, 191, 244, 12, 59, 33, 9, 59, 243, 248, 197, 42, 14, 14, 196, 153, 249, 187, 242, 17, 123, 231, 249, 87, 187, 30, 99, 22, 224, 168, 237, 118, 118, 33, 184, 231, 18, 54, 249, 54, 225, 90, 100, 104, 31, 144, 59, 194, 33, 192, 243, 109, 12, 192, 110, 113, 87, 74, 18, 54, 165, 246, 151, 226, 100, 132, 49, 117, 117, 110, 229, 125, 237, 135, 97, 246, 156, 217, 187, 141, 229, 78, 176, 113, 31, 187, 54, 152, 120, 33, 5, 76, 93, 171, 230, 211, 142, 60, 10, 158, 252, 173, 173, 41, 250, 76, 249, 115, 76, 76, 5, 5, 87, 54, 57, 193, 249, 194, 218, 173, 112, 76, 54, 54, 5, 113, 133, 245, 249, 77, 76, 166, 41, 249, 182, 76, 62, 18, 16, 4, 120, 120, 242, 108, 143, 50, 50, 193, 135, 170, 255, 243, 142, 113, 169, 100, 243, 78, 18, 142, 103, 15, 122, 137, 228, 68, 41, 60, 115, 76, 243, 135, 74, 110, 128, 197, 18, 208, 15, 145, 232, 41, 59, 18, 158, 3, 152, 232, 240, 122, 165, 191, 206, 145, 35, 246, 247, 145, 94, 208, 15, 99, 16, 24, 163, 75, 245, 42, 51, 246, 78, 15, 78, 42, 139, 33, 16, 121, 18, 55, 183, 132]"
92002,"[85, 117, 216, 246, 250, 220, 208, 49, 78, 125, 16, 66, 208, 145, 208, 125, 67, 210, 20, 182, 114, 71, 11, 170, 96]"
93001,"[107, 77, 178, 48, 101, 1, 31, 109, 213, 167, 43, 4, 241, 87, 87, 209, 59, 12, 33, 21, 74, 178, 171, 89, 46, 17, 175, 252, 191, 120, 97, 108, 185, 88, 104, 115, 131, 192, 78, 14, 5, 118, 167, 131, 74, 67, 123, 142, 12, 107, 79, 74, 208, 233, 113, 114, 47, 115, 129, 95, 14, 113, 177, 159, 125, 243, 115, 218, 33, 59, 228, 100, 163, 12, 33, 113, 74, 149, 78, 132, 64, 218, 250, 224, 62, 62, 131, 228, 205, 155, 83, 76, 119, 85, 43, 233, 234, 107, 74, 216, 31, 249, 5, 60, 48, 31, 107, 19, 124, 113, 1, 242, 255, 13, 135, 135, 234, 175, 62, 132, 114, 38, 122, 41, 60, 111, 199, 170, 31, 31, 41, 113, 242, 159, 109, 73, 31, 1, 123, 217, 207, 255, 32, 12, 181, 234, 42, 78, 238, 11, 255, 22, 7, 45, 130, 32, 159, 62, 25, 23]"
93002,"[230, 11, 187, 61, 70, 178, 120, 108, 252, 243, 99, 14, 120, 77, 255, 54, 249, 7, 22, 224, 120, 94, 187, 115, 5, 33, 244, 244, 12, 89, 54, 59, 99, 6, 59, 165, 191, 68, 99, 179, 244, 244, 187, 100, 93, 9, 5, 244, 231, 161, 30, 163, 179, 7, 93, 30, 229, 243, 193, 194, 225, 55, 193, 30, 196, 18, 81, 9, 196, 229, 168, 125, 117, 9, 179, 30, 196, 244, 163, 244, 246, 142, 231, 196, 196, 61, 196, 110, 9, 122, 236, 243, 183, 117, 240, 110, 231, 76, 115, 193, 12, 7, 218, 18, 125, 93, 59, 15, 25, 110, 30, 125, 238, 236, 117, 9, 123, 243, 93, 236, 208, 61, 99, 179, 231, 76, 191, 117, 18, 179, 194, 224, 76, 243, 196, 229, 7, 194, 59, 59, 59, 231, 196, 123, 110, 125, 125, 231, 76, 125, 194, 155, 125, 59, 59, 134, 129, 110, 99, 18, 125, 196, 236, 149, 123, 179, 134, 125, 149, 95, 243, 123, 110, 59, 59, 243, 160, 95, 110, 179, 61, 61, 125, 120, 192, 179, 194, 59, 236, 59, 231, 97, 155, 110, 61, 59, 243, 149, 149, 179, 155, 45, 196, 18, 125, 61, 194, 110, 125, 59, 149, 15, 149, 99, 110, 125, 231, 18, 68, 125, 218, 50, 180, 236, 243, 231, 18, 179, 9, 196, 236, 18, 231, 196, 110, 194, 149, 196, 249, 214, 59, 33, 194, 249, 59, 231, 76, 59, 110, 99, 149, 193, 61, 49, 183, 9, 110, 18, 93, 236, 117, 18, 110, 240, 117, 13, 226, 93, 61, 41, 9, 236, 49, 158, 61, 15, 81, 35, 236, 62, 147, 93, 100, 218, 110, 131, 236, 117, 61, 229, 99, 110, 49, 149, 243, 117, 168, 110, 232, 231, 196, 193, 100, 93, 1, 225, 95, 125, 243, 243, 196, 35, 179, 231, 243, 132, 236, 15, 110, 246, 147, 149, 229, 117, 244, 14, 123, 49, 161, 30, 161, 249, 9, 240, 149, 193, 95, 243, 243, 218, 123, 236, 125, 193, 172, 154, 99, 16, 76, 243, 193, 191, 18, 246, 25, 100, 243, 117, 10, 231, 218, 5, 231, 243, 243, 193, 59, 99, 110, 131, 120, 104, 249, 231, 110, 16, 247, 76, 231, 229, 6, 194, 250, 76, 243, 243, 193, 94, 22, 8, 18, 93, 231, 193, 115, 179, 194, 76, 61, 117, 243, 117, 9, 110, 229, 11, 243, 145, 236, 110, 218, 229, 193, 100, 117, 244]"
